{
  "model": {
    "type": "minecraft:select",
    "property": "minecraft:component",
    "component": "minecraft:potion_contents",
    "cases": [
      {
        "when": {
          "potion": "minecraft:awkward"
        },
        "model": {
          "type": "minecraft:model",
          "model": "minecraft:item/awkward/linger"
        }
      },
      {
        "when": {
          "potion": "minecraft:fire_resistance"
        },
        "model": {
          "type": "minecraft:model",
          "model": "minecraft:item/fire_resistance/linger"
        }
      },
      {
        "when": {
          "potion": "minecraft:harming"
        },
        "model": {
          "type": "minecraft:model",
          "model": "minecraft:item/harming/linger"
        }
      },
      {
        "when": {
          "potion": "minecraft:healing"
        },
        "model": {
          "type": "minecraft:model",
          "model": "minecraft:item/healing/linger"
        }
      },
      {
        "when": {
          "potion": "minecraft:infested"
        },
        "model": {
          "type": "minecraft:model",
          "model": "minecraft:item/infested/linger"
        }
      },
      {
        "when": {
          "potion": "minecraft:invisibility"
        },
        "model": {
          "type": "minecraft:model",
          "model": "minecraft:item/invisibility/linger"
        }
      },
      {
        "when": {
          "potion": "minecraft:leaping"
        },
        "model": {
          "type": "minecraft:model",
          "model": "minecraft:item/leaping/linger"
        }
      },
      {
        "when": {
          "potion": "minecraft:long_fire_resistance"
        },
        "model": {
          "type": "minecraft:model",
          "model": "minecraft:item/fire_resistance/linger_long"
        }
      },
      {
        "when": {
          "potion": "minecraft:long_invisibility"
        },
        "model": {
          "type": "minecraft:model",
          "model": "minecraft:item/invisibility/linger_long"
        }
      },
      {
        "when": {
          "potion": "minecraft:long_leaping"
        },
        "model": {
          "type": "minecraft:model",
          "model": "minecraft:item/leaping/linger_long"
        }
      },
      {
        "when": {
          "potion": "minecraft:long_night_vision"
        },
        "model": {
          "type": "minecraft:model",
          "model": "minecraft:item/night_vision/linger_long"
        }
      },
      {
        "when": {
          "potion": "minecraft:long_poison"
        },
        "model": {
          "type": "minecraft:model",
          "model": "minecraft:item/poison/linger_long"
        }
      },
      {
        "when": {
          "potion": "minecraft:long_regeneration"
        },
        "model": {
          "type": "minecraft:model",
          "model": "minecraft:item/regeneration/linger_long"
        }
      },
      {
        "when": {
          "potion": "minecraft:long_slow_falling"
        },
        "model": {
          "type": "minecraft:model",
          "model": "minecraft:item/slow_falling/linger_long"
        }
      },
      {
        "when": {
          "potion": "minecraft:long_slowness"
        },
        "model": {
          "type": "minecraft:model",
          "model": "minecraft:item/slowness/linger_long"
        }
      },
      {
        "when": {
          "potion": "minecraft:long_strength"
        },
        "model": {
          "type": "minecraft:model",
          "model": "minecraft:item/strength/linger_long"
        }
      },
      {
        "when": {
          "potion": "minecraft:long_swiftness"
        },
        "model": {
          "type": "minecraft:model",
          "model": "minecraft:item/swiftness/linger_long"
        }
      },
      {
        "when": {
          "potion": "minecraft:long_turtle_master"
        },
        "model": {
          "type": "minecraft:model",
          "model": "minecraft:item/turtle_master/linger_long"
        }
      },
      {
        "when": {
          "potion": "minecraft:long_water_breathing"
        },
        "model": {
          "type": "minecraft:model",
          "model": "minecraft:item/water_breathing/linger_long"
        }
      },
      {
        "when": {
          "potion": "minecraft:long_weakness"
        },
        "model": {
          "type": "minecraft:model",
          "model": "minecraft:item/weakness/linger_long"
        }
      },
      {
        "when": {
          "potion": "minecraft:luck"
        },
        "model": {
          "type": "minecraft:model",
          "model": "minecraft:item/luck/linger"
        }
      },
      {
        "when": {
          "potion": "minecraft:mundane"
        },
        "model": {
          "type": "minecraft:model",
          "model": "minecraft:item/mundane/linger"
        }
      },
      {
        "when": {
          "potion": "minecraft:night_vision"
        },
        "model": {
          "type": "minecraft:model",
          "model": "minecraft:item/night_vision/linger"
        }
      },
      {
        "when": {
          "potion": "minecraft:oozing"
        },
        "model": {
          "type": "minecraft:model",
          "model": "minecraft:item/oozing/linger"
        }
      },
      {
        "when": {
          "potion": "minecraft:poison"
        },
        "model": {
          "type": "minecraft:model",
          "model": "minecraft:item/poison/linger"
        }
      },
      {
        "when": {
          "potion": "minecraft:regeneration"
        },
        "model": {
          "type": "minecraft:model",
          "model": "minecraft:item/regeneration/linger"
        }
      },
      {
        "when": {
          "potion": "minecraft:slow_falling"
        },
        "model": {
          "type": "minecraft:model",
          "model": "minecraft:item/slow_falling/linger"
        }
      },
      {
        "when": {
          "potion": "minecraft:slowness"
        },
        "model": {
          "type": "minecraft:model",
          "model": "minecraft:item/slowness/linger"
        }
      },
      {
        "when": {
          "potion": "minecraft:strength"
        },
        "model": {
          "type": "minecraft:model",
          "model": "minecraft:item/strength/linger"
        }
      },
      {
        "when": {
          "potion": "minecraft:strong_harming"
        },
        "model": {
          "type": "minecraft:model",
          "model": "minecraft:item/harming/linger_strong"
        }
      },
      {
        "when": {
          "potion": "minecraft:strong_healing"
        },
        "model": {
          "type": "minecraft:model",
          "model": "minecraft:item/healing/linger_strong"
        }
      },
      {
        "when": {
          "potion": "minecraft:strong_leaping"
        },
        "model": {
          "type": "minecraft:model",
          "model": "minecraft:item/leaping/linger_strong"
        }
      },
      {
        "when": {
          "potion": "minecraft:strong_poison"
        },
        "model": {
          "type": "minecraft:model",
          "model": "minecraft:item/poison/linger_strong"
        }
      },
      {
        "when": {
          "potion": "minecraft:strong_regeneration"
        },
        "model": {
          "type": "minecraft:model",
          "model": "minecraft:item/regeneration/linger_strong"
        }
      },
      {
        "when": {
          "potion": "minecraft:strong_slowness"
        },
        "model": {
          "type": "minecraft:model",
          "model": "minecraft:item/slowness/linger_strong"
        }
      },
      {
        "when": {
          "potion": "minecraft:strong_strength"
        },
        "model": {
          "type": "minecraft:model",
          "model": "minecraft:item/strength/linger_strong"
        }
      },
      {
        "when": {
          "potion": "minecraft:strong_swiftness"
        },
        "model": {
          "type": "minecraft:model",
          "model": "minecraft:item/swiftness/linger_strong"
        }
      },
      {
        "when": {
          "potion": "minecraft:strong_turtle_master"
        },
        "model": {
          "type": "minecraft:model",
          "model": "minecraft:item/turtle_master/linger_strong"
        }
      },
      {
        "when": {
          "potion": "minecraft:swiftness"
        },
        "model": {
          "type": "minecraft:model",
          "model": "minecraft:item/swiftness/linger"
        }
      },
      {
        "when": {
          "potion": "minecraft:thick"
        },
        "model": {
          "type": "minecraft:model",
          "model": "minecraft:item/thick/linger"
        }
      },
      {
        "when": {
          "potion": "minecraft:turtle_master"
        },
        "model": {
          "type": "minecraft:model",
          "model": "minecraft:item/turtle_master/linger"
        }
      },
      {
        "when": {
          "potion": "minecraft:water_breathing"
        },
        "model": {
          "type": "minecraft:model",
          "model": "minecraft:item/water_breathing/linger"
        }
      },
      {
        "when": {
          "potion": "minecraft:weakness"
        },
        "model": {
          "type": "minecraft:model",
          "model": "minecraft:item/weakness/linger"
        }
      },
      {
        "when": {
          "potion": "minecraft:weaving"
        },
        "model": {
          "type": "minecraft:model",
          "model": "minecraft:item/weaving/linger"
        }
      },
      {
        "when": {
          "potion": "minecraft:wind_charged"
        },
        "model": {
          "type": "minecraft:model",
          "model": "minecraft:item/wind_charged/linger"
        }
      }
    ],
    "fallback": {
      "type": "minecraft:model",
      "model": "minecraft:item/no_effect/linger"
    }
  }
}