{
  "model": {
    "type": "minecraft:select",
    "property": "minecraft:component",
    "component": "minecraft:potion_contents",
    "cases": [
      {
        "when": {
          "potion": "minecraft:awkward"
        },
        "model": {
          "type": "minecraft:model",
          "model": "minecraft:item/awkward/normal"
        }
      },
      {
        "when": {
          "potion": "minecraft:fire_resistance"
        },
        "model": {
          "type": "minecraft:model",
          "model": "minecraft:item/fire_resistance/normal"
        }
      },
      {
        "when": {
          "potion": "minecraft:harming"
        },
        "model": {
          "type": "minecraft:model",
          "model": "minecraft:item/harming/normal"
        }
      },
      {
        "when": {
          "potion": "minecraft:healing"
        },
        "model": {
          "type": "minecraft:model",
          "model": "minecraft:item/healing/normal"
        }
      },
      {
        "when": {
          "potion": "minecraft:infested"
        },
        "model": {
          "type": "minecraft:model",
          "model": "minecraft:item/infested/normal"
        }
      },
      {
        "when": {
          "potion": "minecraft:invisibility"
        },
        "model": {
          "type": "minecraft:model",
          "model": "minecraft:item/invisibility/normal"
        }
      },
      {
        "when": {
          "potion": "minecraft:leaping"
        },
        "model": {
          "type": "minecraft:model",
          "model": "minecraft:item/leaping/normal"
        }
      },
      {
        "when": {
          "potion": "minecraft:long_fire_resistance"
        },
        "model": {
          "type": "minecraft:model",
          "model": "minecraft:item/fire_resistance/normal_long"
        }
      },
      {
        "when": {
          "potion": "minecraft:long_invisibility"
        },
        "model": {
          "type": "minecraft:model",
          "model": "minecraft:item/invisibility/normal_long"
        }
      },
      {
        "when": {
          "potion": "minecraft:long_leaping"
        },
        "model": {
          "type": "minecraft:model",
          "model": "minecraft:item/leaping/normal_long"
        }
      },
      {
        "when": {
          "potion": "minecraft:long_night_vision"
        },
        "model": {
          "type": "minecraft:model",
          "model": "minecraft:item/night_vision/normal_long"
        }
      },
      {
        "when": {
          "potion": "minecraft:long_poison"
        },
        "model": {
          "type": "minecraft:model",
          "model": "minecraft:item/poison/normal_long"
        }
      },
      {
        "when": {
          "potion": "minecraft:long_regeneration"
        },
        "model": {
          "type": "minecraft:model",
          "model": "minecraft:item/regeneration/normal_long"
        }
      },
      {
        "when": {
          "potion": "minecraft:long_slow_falling"
        },
        "model": {
          "type": "minecraft:model",
          "model": "minecraft:item/slow_falling/normal_long"
        }
      },
      {
        "when": {
          "potion": "minecraft:long_slowness"
        },
        "model": {
          "type": "minecraft:model",
          "model": "minecraft:item/slowness/normal_long"
        }
      },
      {
        "when": {
          "potion": "minecraft:long_strength"
        },
        "model": {
          "type": "minecraft:model",
          "model": "minecraft:item/strength/normal_long"
        }
      },
      {
        "when": {
          "potion": "minecraft:long_swiftness"
        },
        "model": {
          "type": "minecraft:model",
          "model": "minecraft:item/swiftness/normal_long"
        }
      },
      {
        "when": {
          "potion": "minecraft:long_turtle_master"
        },
        "model": {
          "type": "minecraft:model",
          "model": "minecraft:item/turtle_master/normal_long"
        }
      },
      {
        "when": {
          "potion": "minecraft:long_water_breathing"
        },
        "model": {
          "type": "minecraft:model",
          "model": "minecraft:item/water_breathing/normal_long"
        }
      },
      {
        "when": {
          "potion": "minecraft:long_weakness"
        },
        "model": {
          "type": "minecraft:model",
          "model": "minecraft:item/weakness/normal_long"
        }
      },
      {
        "when": {
          "potion": "minecraft:luck"
        },
        "model": {
          "type": "minecraft:model",
          "model": "minecraft:item/luck/normal"
        }
      },
      {
        "when": {
          "potion": "minecraft:mundane"
        },
        "model": {
          "type": "minecraft:model",
          "model": "minecraft:item/mundane/normal"
        }
      },
      {
        "when": {
          "potion": "minecraft:night_vision"
        },
        "model": {
          "type": "minecraft:model",
          "model": "minecraft:item/night_vision/normal"
        }
      },
      {
        "when": {
          "potion": "minecraft:oozing"
        },
        "model": {
          "type": "minecraft:model",
          "model": "minecraft:item/oozing/normal"
        }
      },
      {
        "when": {
          "potion": "minecraft:poison"
        },
        "model": {
          "type": "minecraft:model",
          "model": "minecraft:item/poison/normal"
        }
      },
      {
        "when": {
          "potion": "minecraft:regeneration"
        },
        "model": {
          "type": "minecraft:model",
          "model": "minecraft:item/regeneration/normal"
        }
      },
      {
        "when": {
          "potion": "minecraft:slow_falling"
        },
        "model": {
          "type": "minecraft:model",
          "model": "minecraft:item/slow_falling/normal"
        }
      },
      {
        "when": {
          "potion": "minecraft:slowness"
        },
        "model": {
          "type": "minecraft:model",
          "model": "minecraft:item/slowness/normal"
        }
      },
      {
        "when": {
          "potion": "minecraft:strength"
        },
        "model": {
          "type": "minecraft:model",
          "model": "minecraft:item/strength/normal"
        }
      },
      {
        "when": {
          "potion": "minecraft:strong_harming"
        },
        "model": {
          "type": "minecraft:model",
          "model": "minecraft:item/harming/normal_strong"
        }
      },
      {
        "when": {
          "potion": "minecraft:strong_healing"
        },
        "model": {
          "type": "minecraft:model",
          "model": "minecraft:item/healing/normal_strong"
        }
      },
      {
        "when": {
          "potion": "minecraft:strong_leaping"
        },
        "model": {
          "type": "minecraft:model",
          "model": "minecraft:item/leaping/normal_strong"
        }
      },
      {
        "when": {
          "potion": "minecraft:strong_poison"
        },
        "model": {
          "type": "minecraft:model",
          "model": "minecraft:item/poison/normal_strong"
        }
      },
      {
        "when": {
          "potion": "minecraft:strong_regeneration"
        },
        "model": {
          "type": "minecraft:model",
          "model": "minecraft:item/regeneration/normal_strong"
        }
      },
      {
        "when": {
          "potion": "minecraft:strong_slowness"
        },
        "model": {
          "type": "minecraft:model",
          "model": "minecraft:item/slowness/normal_strong"
        }
      },
      {
        "when": {
          "potion": "minecraft:strong_strength"
        },
        "model": {
          "type": "minecraft:model",
          "model": "minecraft:item/strength/normal_strong"
        }
      },
      {
        "when": {
          "potion": "minecraft:strong_swiftness"
        },
        "model": {
          "type": "minecraft:model",
          "model": "minecraft:item/swiftness/normal_strong"
        }
      },
      {
        "when": {
          "potion": "minecraft:strong_turtle_master"
        },
        "model": {
          "type": "minecraft:model",
          "model": "minecraft:item/turtle_master/normal_strong"
        }
      },
      {
        "when": {
          "potion": "minecraft:swiftness"
        },
        "model": {
          "type": "minecraft:model",
          "model": "minecraft:item/swiftness/normal"
        }
      },
      {
        "when": {
          "potion": "minecraft:thick"
        },
        "model": {
          "type": "minecraft:model",
          "model": "minecraft:item/thick/normal"
        }
      },
      {
        "when": {
          "potion": "minecraft:turtle_master"
        },
        "model": {
          "type": "minecraft:model",
          "model": "minecraft:item/turtle_master/normal"
        }
      },
      {
        "when": {
          "potion": "minecraft:water_breathing"
        },
        "model": {
          "type": "minecraft:model",
          "model": "minecraft:item/water_breathing/normal"
        }
      },
      {
        "when": {
          "potion": "minecraft:weakness"
        },
        "model": {
          "type": "minecraft:model",
          "model": "minecraft:item/weakness/normal"
        }
      },
      {
        "when": {
          "potion": "minecraft:weaving"
        },
        "model": {
          "type": "minecraft:model",
          "model": "minecraft:item/weaving/normal"
        }
      },
      {
        "when": {
          "potion": "minecraft:wind_charged"
        },
        "model": {
          "type": "minecraft:model",
          "model": "minecraft:item/wind_charged/normal"
        }
      }
    ],
    "fallback": {
      "type": "minecraft:model",
      "model": "minecraft:item/no_effect/normal"
    }
  }
}