{
  "model": {
    "type": "minecraft:select",
    "property": "minecraft:component",
    "component": "minecraft:potion_contents",
    "cases": [
      {
        "when": {
          "potion": "minecraft:awkward"
        },
        "model": {
          "type": "minecraft:model",
          "model": "minecraft:item/awkward/splash"
        }
      },
      {
        "when": {
          "potion": "minecraft:fire_resistance"
        },
        "model": {
          "type": "minecraft:model",
          "model": "minecraft:item/fire_resistance/splash"
        }
      },
      {
        "when": {
          "potion": "minecraft:harming"
        },
        "model": {
          "type": "minecraft:model",
          "model": "minecraft:item/harming/splash"
        }
      },
      {
        "when": {
          "potion": "minecraft:healing"
        },
        "model": {
          "type": "minecraft:model",
          "model": "minecraft:item/healing/splash"
        }
      },
      {
        "when": {
          "potion": "minecraft:infested"
        },
        "model": {
          "type": "minecraft:model",
          "model": "minecraft:item/infested/splash"
        }
      },
      {
        "when": {
          "potion": "minecraft:invisibility"
        },
        "model": {
          "type": "minecraft:model",
          "model": "minecraft:item/invisibility/splash"
        }
      },
      {
        "when": {
          "potion": "minecraft:leaping"
        },
        "model": {
          "type": "minecraft:model",
          "model": "minecraft:item/leaping/splash"
        }
      },
      {
        "when": {
          "potion": "minecraft:long_fire_resistance"
        },
        "model": {
          "type": "minecraft:model",
          "model": "minecraft:item/fire_resistance/splash_long"
        }
      },
      {
        "when": {
          "potion": "minecraft:long_invisibility"
        },
        "model": {
          "type": "minecraft:model",
          "model": "minecraft:item/invisibility/splash_long"
        }
      },
      {
        "when": {
          "potion": "minecraft:long_leaping"
        },
        "model": {
          "type": "minecraft:model",
          "model": "minecraft:item/leaping/splash_long"
        }
      },
      {
        "when": {
          "potion": "minecraft:long_night_vision"
        },
        "model": {
          "type": "minecraft:model",
          "model": "minecraft:item/night_vision/splash_long"
        }
      },
      {
        "when": {
          "potion": "minecraft:long_poison"
        },
        "model": {
          "type": "minecraft:model",
          "model": "minecraft:item/poison/splash_long"
        }
      },
      {
        "when": {
          "potion": "minecraft:long_regeneration"
        },
        "model": {
          "type": "minecraft:model",
          "model": "minecraft:item/regeneration/splash_long"
        }
      },
      {
        "when": {
          "potion": "minecraft:long_slow_falling"
        },
        "model": {
          "type": "minecraft:model",
          "model": "minecraft:item/slow_falling/splash_long"
        }
      },
      {
        "when": {
          "potion": "minecraft:long_slowness"
        },
        "model": {
          "type": "minecraft:model",
          "model": "minecraft:item/slowness/splash_long"
        }
      },
      {
        "when": {
          "potion": "minecraft:long_strength"
        },
        "model": {
          "type": "minecraft:model",
          "model": "minecraft:item/strength/splash_long"
        }
      },
      {
        "when": {
          "potion": "minecraft:long_swiftness"
        },
        "model": {
          "type": "minecraft:model",
          "model": "minecraft:item/swiftness/splash_long"
        }
      },
      {
        "when": {
          "potion": "minecraft:long_turtle_master"
        },
        "model": {
          "type": "minecraft:model",
          "model": "minecraft:item/turtle_master/splash_long"
        }
      },
      {
        "when": {
          "potion": "minecraft:long_water_breathing"
        },
        "model": {
          "type": "minecraft:model",
          "model": "minecraft:item/water_breathing/splash_long"
        }
      },
      {
        "when": {
          "potion": "minecraft:long_weakness"
        },
        "model": {
          "type": "minecraft:model",
          "model": "minecraft:item/weakness/splash_long"
        }
      },
      {
        "when": {
          "potion": "minecraft:luck"
        },
        "model": {
          "type": "minecraft:model",
          "model": "minecraft:item/luck/splash"
        }
      },
      {
        "when": {
          "potion": "minecraft:mundane"
        },
        "model": {
          "type": "minecraft:model",
          "model": "minecraft:item/mundane/splash"
        }
      },
      {
        "when": {
          "potion": "minecraft:night_vision"
        },
        "model": {
          "type": "minecraft:model",
          "model": "minecraft:item/night_vision/splash"
        }
      },
      {
        "when": {
          "potion": "minecraft:oozing"
        },
        "model": {
          "type": "minecraft:model",
          "model": "minecraft:item/oozing/splash"
        }
      },
      {
        "when": {
          "potion": "minecraft:poison"
        },
        "model": {
          "type": "minecraft:model",
          "model": "minecraft:item/poison/splash"
        }
      },
      {
        "when": {
          "potion": "minecraft:regeneration"
        },
        "model": {
          "type": "minecraft:model",
          "model": "minecraft:item/regeneration/splash"
        }
      },
      {
        "when": {
          "potion": "minecraft:slow_falling"
        },
        "model": {
          "type": "minecraft:model",
          "model": "minecraft:item/slow_falling/splash"
        }
      },
      {
        "when": {
          "potion": "minecraft:slowness"
        },
        "model": {
          "type": "minecraft:model",
          "model": "minecraft:item/slowness/splash"
        }
      },
      {
        "when": {
          "potion": "minecraft:strength"
        },
        "model": {
          "type": "minecraft:model",
          "model": "minecraft:item/strength/splash"
        }
      },
      {
        "when": {
          "potion": "minecraft:strong_harming"
        },
        "model": {
          "type": "minecraft:model",
          "model": "minecraft:item/harming/splash_strong"
        }
      },
      {
        "when": {
          "potion": "minecraft:strong_healing"
        },
        "model": {
          "type": "minecraft:model",
          "model": "minecraft:item/healing/splash_strong"
        }
      },
      {
        "when": {
          "potion": "minecraft:strong_leaping"
        },
        "model": {
          "type": "minecraft:model",
          "model": "minecraft:item/leaping/splash_strong"
        }
      },
      {
        "when": {
          "potion": "minecraft:strong_poison"
        },
        "model": {
          "type": "minecraft:model",
          "model": "minecraft:item/poison/splash_strong"
        }
      },
      {
        "when": {
          "potion": "minecraft:strong_regeneration"
        },
        "model": {
          "type": "minecraft:model",
          "model": "minecraft:item/regeneration/splash_strong"
        }
      },
      {
        "when": {
          "potion": "minecraft:strong_slowness"
        },
        "model": {
          "type": "minecraft:model",
          "model": "minecraft:item/slowness/splash_strong"
        }
      },
      {
        "when": {
          "potion": "minecraft:strong_strength"
        },
        "model": {
          "type": "minecraft:model",
          "model": "minecraft:item/strength/splash_strong"
        }
      },
      {
        "when": {
          "potion": "minecraft:strong_swiftness"
        },
        "model": {
          "type": "minecraft:model",
          "model": "minecraft:item/swiftness/splash_strong"
        }
      },
      {
        "when": {
          "potion": "minecraft:strong_turtle_master"
        },
        "model": {
          "type": "minecraft:model",
          "model": "minecraft:item/turtle_master/splash_strong"
        }
      },
      {
        "when": {
          "potion": "minecraft:swiftness"
        },
        "model": {
          "type": "minecraft:model",
          "model": "minecraft:item/swiftness/splash"
        }
      },
      {
        "when": {
          "potion": "minecraft:thick"
        },
        "model": {
          "type": "minecraft:model",
          "model": "minecraft:item/thick/splash"
        }
      },
      {
        "when": {
          "potion": "minecraft:turtle_master"
        },
        "model": {
          "type": "minecraft:model",
          "model": "minecraft:item/turtle_master/splash"
        }
      },
      {
        "when": {
          "potion": "minecraft:water_breathing"
        },
        "model": {
          "type": "minecraft:model",
          "model": "minecraft:item/water_breathing/splash"
        }
      },
      {
        "when": {
          "potion": "minecraft:weakness"
        },
        "model": {
          "type": "minecraft:model",
          "model": "minecraft:item/weakness/splash"
        }
      },
      {
        "when": {
          "potion": "minecraft:weaving"
        },
        "model": {
          "type": "minecraft:model",
          "model": "minecraft:item/weaving/splash"
        }
      },
      {
        "when": {
          "potion": "minecraft:wind_charged"
        },
        "model": {
          "type": "minecraft:model",
          "model": "minecraft:item/wind_charged/splash"
        }
      }
    ],
    "fallback": {
      "type": "minecraft:model",
      "model": "minecraft:item/no_effect/splash"
    }
  }
}