{
    "variants": {
        "facing=north,half=bottom,open=false": { "model": "block/copper_trapdoor_closed", "y": 180 },
        "facing=south,half=bottom,open=false": { "model": "block/copper_trapdoor_closed" },
        "facing=east,half=bottom,open=false": { "model": "block/copper_trapdoor_closed", "y": 270 },
        "facing=west,half=bottom,open=false": { "model": "block/copper_trapdoor_closed", "y": 90 },
        "facing=north,half=top,open=false": { "model": "block/copper_trapdoor_closed", "x": 180},
        "facing=south,half=top,open=false": { "model": "block/copper_trapdoor_closed", "x": 180, "y": 180},
        "facing=east,half=top,open=false": { "model": "block/copper_trapdoor_closed", "x": 180,"y": 90},
        "facing=west,half=top,open=false": { "model": "block/copper_trapdoor_closed", "x": 180,"y": 270 },
        "facing=north,half=bottom,open=true": { "model": "block/copper_trapdoor_open", "x": 180, "y": 180 },
        "facing=south,half=bottom,open=true": { "model": "block/copper_trapdoor_open", "x": 180},
        "facing=east,half=bottom,open=true": { "model": "block/copper_trapdoor_open", "x": 180, "y": 270 },
        "facing=west,half=bottom,open=true": { "model": "block/copper_trapdoor_open", "x": 180, "y": 90 },
        "facing=north,half=top,open=true": { "model": "block/copper_trapdoor_open"},
        "facing=south,half=top,open=true": { "model": "block/copper_trapdoor_open", "y": 180},
        "facing=east,half=top,open=true": { "model": "block/copper_trapdoor_open", "y": 90},
        "facing=west,half=top,open=true": { "model": "block/copper_trapdoor_open", "y": 270 }
    }
}
