{

	"ambientocclusion": false,
	"textures": {
		"1": "block/alert",
		"particle": "#cross"
	},
	"elements": [
		{
			"from": [0.8, 0, 8],
			"to": [15.2, 16, 8],
			"shade": false,
			"rotation": {"angle": 45, "axis": "y", "origin": [8, 8, 8], "rescale": true},
			"faces": {
				"north": {"uv": [0, 0, 16, 16], "texture": "#cross"},
				"south": {"uv": [0, 0, 16, 16], "texture": "#cross"}
			}
		},
		{
			"from": [8, 0, 0.8],
			"to": [8, 16, 15.2],
			"shade": false,
			"rotation": {"angle": 45, "axis": "y", "origin": [8, 8, 8], "rescale": true},
			"faces": {
				"east": {"uv": [0, 0, 16, 16], "texture": "#cross"},
				"west": {"uv": [0, 0, 16, 16], "texture": "#cross"}
			}
		},
		{
			"from": [7, 17, 7],
			"to": [9, 19, 9],
			"shade": false,
			"rotation": {"angle": 0, "axis": "y", "origin": [15, 25, 15]},
			"faces": {
				"north": {"uv": [2, 0, 4, 2], "texture": "#1", "cullface": "up"},
				"east": {"uv": [2, 0, 4, 2], "texture": "#1", "cullface": "up"},
				"south": {"uv": [2, 0, 4, 2], "texture": "#1", "cullface": "up"},
				"west": {"uv": [2, 0, 4, 2], "texture": "#1", "cullface": "up"},
				"up": {"uv": [2, 0, 4, 2], "texture": "#1", "cullface": "up"},
				"down": {"uv": [2, 0, 4, 2], "texture": "#1", "cullface": "up"}
			}
		},
		{
			"from": [7, 18, 7],
			"to": [9, 20, 9],
			"shade": false,
			"rotation": {"angle": 0, "axis": "y", "origin": [15, 26, 15]},
			"faces": {
				"north": {"uv": [6, 0, 8, 2], "texture": "#1", "cullface": "up"},
				"east": {"uv": [6, 0, 8, 2], "texture": "#1", "cullface": "up"},
				"south": {"uv": [6, 0, 8, 2], "texture": "#1", "cullface": "up"},
				"west": {"uv": [6, 0, 8, 2], "texture": "#1", "cullface": "up"},
				"up": {"uv": [6, 0, 8, 2], "texture": "#1", "cullface": "up"},
				"down": {"uv": [6, 0, 8, 2], "texture": "#1", "cullface": "up"}
			}
		},
		{
			"from": [7, 20, 7],
			"to": [9, 25, 9],
			"shade": false,
			"rotation": {"angle": 0, "axis": "y", "origin": [15, 28, 15]},
			"faces": {
				"north": {"uv": [0, 0, 2, 5], "texture": "#1", "cullface": "up"},
				"east": {"uv": [0, 0, 2, 5], "texture": "#1", "cullface": "up"},
				"south": {"uv": [0, 0, 2, 5], "texture": "#1", "cullface": "up"},
				"west": {"uv": [0, 0, 2, 5], "texture": "#1", "cullface": "up"},
				"up": {"uv": [2, 0, 4, 2], "texture": "#1", "cullface": "up"},
				"down": {"uv": [2, 0, 4, 2], "texture": "#1", "cullface": "up"}
			}
		},
		{
			"from": [7, 21, 7],
			"to": [9, 26, 9],
			"shade": false,
			"rotation": {"angle": 0, "axis": "y", "origin": [15, 29, 15]},
			"faces": {
				"north": {"uv": [4, 0, 6, 5], "texture": "#1", "cullface": "up"},
				"east": {"uv": [4, 0, 6, 5], "texture": "#1", "cullface": "up"},
				"south": {"uv": [4, 0, 6, 5], "texture": "#1", "cullface": "up"},
				"west": {"uv": [4, 0, 6, 5], "texture": "#1", "cullface": "up"},
				"up": {"uv": [6, 0, 8, 2], "texture": "#1", "cullface": "up"},
				"down": {"uv": [6, 0, 8, 2], "texture": "#1", "cullface": "up"}
			}
		}
	]
}