{
	"credit": "Created by UnduGT for the Undopia Patch",
	"ambientocclusion": false,
	"gui_light": "front",
	"parent": "item/door_base",
	"textures": {
		"particle": "block/cherry_door_top",
		"bottom": "block/cherry_door_bottom",
		"extra": "block/cherry_door_extra",
		"top": "block/cherry_door_top"
	},
	"elements": [
		{
			"from": [0, 0, 0],
			"to": [3, 16, 4],
			"faces": {
				"north": {"uv": [3, 0, 6, 16], "texture": "#extra", "cullface": "north"},
				"east": {"uv": [4, 0, 0, 16], "texture": "#bottom"},
				"south": {"uv": [9, 0, 12, 16], "texture": "#extra"},
				"west": {"uv": [0, 0, 4, 16], "texture": "#bottom", "cullface": "west"},
				"down": {"uv": [12, 0, 15, 4], "rotation": 180, "texture": "#extra", "cullface": "down"}
			}
		},
		{
			"from": [1.5, 15, 8],
			"to": [2, 16, 10],
			"faces": {
				"north": {"uv": [8, 0, 9, 1], "texture": "#bottom"},
				"east": {"uv": [8, 0, 10, 1], "texture": "#bottom"},
				"south": {"uv": [9, 0, 10, 1], "texture": "#bottom"},
				"west": {"uv": [8, 0, 6, 1], "texture": "#bottom"},
				"up": {"uv": [10, 1, 8, 0], "rotation": 90, "texture": "#bottom"},
				"down": {"uv": [8, 0, 10, 1], "rotation": 90, "texture": "#bottom"}
			}
		},
		{
			"from": [-0.5, 12, 7],
			"to": [3.5, 13, 9],
			"faces": {
				"north": {"uv": [7, 3, 8, 4], "texture": "#bottom"},
				"east": {"uv": [9, 3, 7, 4], "texture": "#bottom"},
				"south": {"uv": [8, 3, 9, 4], "texture": "#bottom"},
				"west": {"uv": [7, 3, 9, 4], "texture": "#bottom", "cullface": "west"},
				"up": {"uv": [9, 4, 7, 3], "rotation": 270, "texture": "#bottom"},
				"down": {"uv": [7, 3, 9, 4], "rotation": 270, "texture": "#bottom"}
			}
		},
		{
			"from": [-0.5, 9, 7],
			"to": [3.5, 10, 9],
			"faces": {
				"north": {"uv": [7, 6, 8, 7], "texture": "#bottom"},
				"east": {"uv": [9, 6, 7, 7], "texture": "#bottom"},
				"south": {"uv": [8, 6, 9, 7], "texture": "#bottom"},
				"west": {"uv": [7, 6, 9, 7], "texture": "#bottom", "cullface": "west"},
				"up": {"uv": [9, 7, 7, 6], "rotation": 270, "texture": "#bottom"},
				"down": {"uv": [7, 6, 9, 7], "rotation": 270, "texture": "#bottom"}
			}
		},
		{
			"from": [-0.5, 10, 6],
			"to": [3.5, 12, 7],
			"faces": {
				"north": {"uv": [6, 4, 7, 6], "texture": "#bottom"},
				"east": {"uv": [7, 4, 6, 6], "texture": "#bottom"},
				"south": {"uv": [6, 4, 7, 6], "texture": "#bottom"},
				"west": {"uv": [6, 4, 7, 6], "texture": "#bottom", "cullface": "west"},
				"up": {"uv": [7, 5, 6, 4], "rotation": 270, "texture": "#bottom"},
				"down": {"uv": [6, 5, 7, 6], "rotation": 270, "texture": "#bottom"}
			}
		},
		{
			"from": [-0.5, 10, 9],
			"to": [3.5, 12, 10],
			"faces": {
				"north": {"uv": [6, 4, 7, 6], "texture": "#bottom"},
				"east": {"uv": [7, 4, 6, 6], "texture": "#bottom"},
				"south": {"uv": [6, 4, 7, 6], "texture": "#bottom"},
				"west": {"uv": [6, 4, 7, 6], "texture": "#bottom", "cullface": "west"},
				"up": {"uv": [7, 5, 6, 4], "rotation": 270, "texture": "#bottom"},
				"down": {"uv": [6, 5, 7, 6], "rotation": 270, "texture": "#bottom"}
			}
		},
		{
			"from": [1.5, 15, 4],
			"to": [2, 16, 5],
			"faces": {
				"north": {"uv": [4, 0, 5, 1], "texture": "#bottom"},
				"east": {"uv": [4, 0, 5, 1], "texture": "#bottom"},
				"south": {"uv": [4, 0, 5, 1], "texture": "#bottom"},
				"west": {"uv": [12, 0, 11, 1], "texture": "#bottom"},
				"up": {"uv": [5, 1, 4, 0], "rotation": 90, "texture": "#bottom"},
				"down": {"uv": [4, 0, 5, 1], "rotation": 90, "texture": "#bottom"}
			}
		},
		{
			"from": [1, 15, 11],
			"to": [1.5, 16, 12],
			"faces": {
				"north": {"uv": [4, 0, 5, 1], "texture": "#bottom"},
				"east": {"uv": [12, 0, 11, 1], "texture": "#bottom"},
				"south": {"uv": [4, 0, 5, 1], "texture": "#bottom"},
				"west": {"uv": [4, 0, 5, 1], "texture": "#bottom"},
				"up": {"uv": [5, 1, 4, 0], "rotation": 270, "texture": "#bottom"},
				"down": {"uv": [4, 0, 5, 1], "rotation": 270, "texture": "#bottom"}
			}
		},
		{
			"from": [1, 15, 6],
			"to": [1.5, 16, 8],
			"faces": {
				"north": {"uv": [9, 0, 10, 1], "texture": "#bottom"},
				"east": {"uv": [8, 0, 6, 1], "texture": "#bottom"},
				"south": {"uv": [8, 0, 9, 1], "texture": "#bottom"},
				"west": {"uv": [8, 0, 10, 1], "texture": "#bottom"},
				"up": {"uv": [10, 1, 8, 0], "rotation": 270, "texture": "#bottom"},
				"down": {"uv": [8, 0, 10, 1], "rotation": 270, "texture": "#bottom"}
			}
		},
		{
			"from": [0, 0, 12],
			"to": [3, 16, 16],
			"faces": {
				"north": {"uv": [9, 0, 12, 16], "texture": "#extra"},
				"east": {"uv": [16, 0, 12, 16], "texture": "#bottom"},
				"south": {"uv": [9, 0, 12, 16], "texture": "#extra", "cullface": "south"},
				"west": {"uv": [12, 0, 16, 16], "texture": "#bottom", "cullface": "west"},
				"down": {"uv": [12, 12, 15, 16], "rotation": 180, "texture": "#extra", "cullface": "down"}
			}
		},
		{
			"from": [0, 0, 4],
			"to": [3, 15, 12],
			"faces": {
				"east": {"uv": [12, 1, 4, 16], "texture": "#bottom"},
				"west": {"uv": [4, 1, 12, 16], "texture": "#bottom", "cullface": "west"},
				"up": {"uv": [12, 4, 15, 12], "texture": "#extra"},
				"down": {"uv": [12, 4, 15, 12], "rotation": 180, "texture": "#extra", "cullface": "down"}
			}
		},
		{
			"from": [0, 28, 0],
			"to": [3, 32, 16],
			"faces": {
				"north": {"uv": [0, 0, 3, 4], "texture": "#extra", "cullface": "north"},
				"east": {"uv": [16, 0, 0, 4], "texture": "#top"},
				"south": {"uv": [6, 0, 9, 4], "texture": "#extra", "cullface": "south"},
				"west": {"uv": [0, 0, 16, 4], "texture": "#top", "cullface": "west"},
				"up": {"uv": [12, 0, 15, 16], "texture": "#extra", "cullface": "up"},
				"down": {"uv": [12, 0, 15, 16], "rotation": 180, "texture": "#extra"}
			}
		},
		{
			"from": [0, 16, 0],
			"to": [3, 28, 4],
			"faces": {
				"north": {"uv": [0, 4, 3, 16], "texture": "#extra", "cullface": "north"},
				"east": {"uv": [4, 4, 0, 16], "texture": "#top"},
				"south": {"uv": [6, 4, 9, 16], "texture": "#extra"},
				"west": {"uv": [0, 4, 4, 16], "texture": "#top", "cullface": "west"}
			}
		},
		{
			"from": [0, 16, 12],
			"to": [3, 28, 16],
			"faces": {
				"north": {"uv": [6, 4, 9, 16], "texture": "#extra"},
				"east": {"uv": [16, 4, 12, 16], "texture": "#top"},
				"south": {"uv": [6, 4, 9, 16], "texture": "#extra", "cullface": "south"},
				"west": {"uv": [12, 4, 16, 16], "texture": "#top", "cullface": "west"}
			}
		},
		{
			"from": [1.5, 27, 6],
			"to": [2, 28, 8],
			"faces": {
				"north": {"uv": [6, 4, 7, 5], "texture": "#top"},
				"east": {"uv": [6, 4, 8, 5], "texture": "#top"},
				"south": {"uv": [7, 4, 8, 5], "texture": "#top"},
				"west": {"uv": [10, 4, 8, 5], "texture": "#top"},
				"up": {"uv": [8, 5, 6, 4], "rotation": 90, "texture": "#top"},
				"down": {"uv": [6, 4, 8, 5], "rotation": 90, "texture": "#top"}
			}
		},
		{
			"from": [1.5, 27, 11],
			"to": [2, 28, 12],
			"faces": {
				"north": {"uv": [11, 4, 12, 5], "texture": "#top"},
				"east": {"uv": [11, 4, 12, 5], "texture": "#top"},
				"south": {"uv": [11, 4, 12, 5], "texture": "#top"},
				"west": {"uv": [5, 4, 4, 5], "texture": "#top"},
				"up": {"uv": [12, 5, 11, 4], "rotation": 90, "texture": "#top"},
				"down": {"uv": [11, 4, 12, 5], "rotation": 90, "texture": "#top"}
			}
		},
		{
			"from": [1.5, 22, 11],
			"to": [2, 23, 12],
			"faces": {
				"north": {"uv": [11, 9, 12, 10], "texture": "#top"},
				"east": {"uv": [11, 9, 12, 10], "texture": "#top"},
				"south": {"uv": [11, 9, 12, 10], "texture": "#top"},
				"west": {"uv": [5, 9, 4, 10], "texture": "#top"},
				"up": {"uv": [12, 10, 11, 9], "rotation": 90, "texture": "#top"},
				"down": {"uv": [11, 9, 12, 10], "rotation": 90, "texture": "#top"}
			}
		},
		{
			"from": [1.5, 17, 11],
			"to": [2, 18, 12],
			"faces": {
				"north": {"uv": [11, 14, 12, 15], "texture": "#top"},
				"east": {"uv": [11, 14, 12, 15], "texture": "#top"},
				"south": {"uv": [11, 14, 12, 15], "texture": "#top"},
				"west": {"uv": [5, 14, 4, 15], "texture": "#top"},
				"up": {"uv": [12, 15, 11, 14], "rotation": 90, "texture": "#top"},
				"down": {"uv": [11, 14, 12, 15], "rotation": 90, "texture": "#top"}
			}
		},
		{
			"from": [1.5, 20, 4],
			"to": [2, 21, 5],
			"faces": {
				"north": {"uv": [4, 11, 5, 12], "texture": "#top"},
				"east": {"uv": [4, 11, 5, 12], "texture": "#top"},
				"south": {"uv": [4, 11, 5, 12], "texture": "#top"},
				"west": {"uv": [12, 11, 11, 12], "texture": "#top"},
				"up": {"uv": [5, 12, 4, 11], "rotation": 90, "texture": "#top"},
				"down": {"uv": [4, 11, 5, 12], "rotation": 90, "texture": "#top"}
			}
		},
		{
			"from": [1.5, 25, 4],
			"to": [2, 26, 5],
			"faces": {
				"north": {"uv": [4, 6, 5, 7], "texture": "#top"},
				"east": {"uv": [4, 6, 5, 7], "texture": "#top"},
				"south": {"uv": [4, 6, 5, 7], "texture": "#top"},
				"west": {"uv": [12, 6, 11, 7], "texture": "#top"},
				"up": {"uv": [5, 7, 4, 6], "rotation": 90, "texture": "#top"},
				"down": {"uv": [4, 6, 5, 7], "rotation": 90, "texture": "#top"}
			}
		},
		{
			"from": [1.5, 24, 4],
			"to": [2, 25, 6],
			"faces": {
				"north": {"uv": [4, 7, 5, 8], "texture": "#top"},
				"east": {"uv": [4, 7, 6, 8], "texture": "#top"},
				"south": {"uv": [5, 7, 6, 8], "texture": "#top"},
				"west": {"uv": [12, 7, 10, 8], "texture": "#top"},
				"up": {"uv": [6, 8, 4, 7], "rotation": 90, "texture": "#top"},
				"down": {"uv": [4, 7, 6, 8], "rotation": 90, "texture": "#top"}
			}
		},
		{
			"from": [1.5, 23, 5],
			"to": [2, 24, 7],
			"faces": {
				"north": {"uv": [5, 8, 6, 9], "texture": "#top"},
				"east": {"uv": [5, 8, 7, 9], "texture": "#top"},
				"south": {"uv": [6, 8, 7, 9], "texture": "#top"},
				"west": {"uv": [11, 8, 9, 9], "texture": "#top"},
				"up": {"uv": [7, 9, 5, 8], "rotation": 90, "texture": "#top"},
				"down": {"uv": [5, 8, 7, 9], "rotation": 90, "texture": "#top"}
			}
		},
		{
			"from": [1.5, 22, 6],
			"to": [2, 23, 8],
			"faces": {
				"north": {"uv": [6, 9, 7, 10], "texture": "#top"},
				"east": {"uv": [6, 9, 8, 10], "texture": "#top"},
				"south": {"uv": [7, 9, 8, 10], "texture": "#top"},
				"west": {"uv": [10, 9, 8, 10], "texture": "#top"},
				"up": {"uv": [8, 10, 6, 9], "rotation": 90, "texture": "#top"},
				"down": {"uv": [6, 9, 8, 10], "rotation": 90, "texture": "#top"}
			}
		},
		{
			"from": [1.5, 21, 7],
			"to": [2, 22, 9],
			"faces": {
				"north": {"uv": [7, 10, 8, 11], "texture": "#top"},
				"east": {"uv": [7, 10, 9, 11], "texture": "#top"},
				"south": {"uv": [8, 10, 9, 11], "texture": "#top"},
				"up": {"uv": [9, 11, 7, 10], "rotation": 90, "texture": "#top"},
				"down": {"uv": [7, 10, 9, 11], "rotation": 90, "texture": "#top"}
			}
		},
		{
			"from": [1.5, 20, 8],
			"to": [2, 21, 10],
			"faces": {
				"north": {"uv": [8, 11, 9, 12], "texture": "#top"},
				"east": {"uv": [8, 11, 10, 12], "texture": "#top"},
				"south": {"uv": [9, 11, 10, 12], "texture": "#top"},
				"west": {"uv": [8, 11, 6, 12], "texture": "#top"},
				"up": {"uv": [10, 12, 8, 11], "rotation": 90, "texture": "#top"},
				"down": {"uv": [8, 11, 10, 12], "rotation": 90, "texture": "#top"}
			}
		},
		{
			"from": [1.5, 19, 9],
			"to": [2, 20, 11],
			"faces": {
				"north": {"uv": [9, 12, 10, 13], "texture": "#top"},
				"east": {"uv": [9, 12, 11, 13], "texture": "#top"},
				"south": {"uv": [10, 12, 11, 13], "texture": "#top"},
				"west": {"uv": [7, 12, 5, 13], "texture": "#top"},
				"up": {"uv": [11, 13, 9, 12], "rotation": 90, "texture": "#top"},
				"down": {"uv": [9, 12, 11, 13], "rotation": 90, "texture": "#top"}
			}
		},
		{
			"from": [1.5, 19, 4],
			"to": [2, 20, 6],
			"faces": {
				"north": {"uv": [4, 12, 5, 13], "texture": "#top"},
				"east": {"uv": [4, 12, 6, 13], "texture": "#top"},
				"south": {"uv": [5, 12, 6, 13], "texture": "#top"},
				"west": {"uv": [12, 12, 10, 13], "texture": "#top"},
				"up": {"uv": [6, 13, 4, 12], "rotation": 90, "texture": "#top"},
				"down": {"uv": [4, 12, 6, 13], "rotation": 90, "texture": "#top"}
			}
		},
		{
			"from": [1.5, 18, 5],
			"to": [2, 19, 7],
			"faces": {
				"north": {"uv": [5, 13, 6, 14], "texture": "#top"},
				"east": {"uv": [5, 13, 7, 14], "texture": "#top"},
				"south": {"uv": [6, 13, 7, 14], "texture": "#top"},
				"west": {"uv": [11, 13, 9, 14], "texture": "#top"},
				"up": {"uv": [7, 14, 5, 13], "rotation": 90, "texture": "#top"},
				"down": {"uv": [5, 13, 7, 14], "rotation": 90, "texture": "#top"}
			}
		},
		{
			"from": [1.5, 17, 6],
			"to": [2, 18, 8],
			"faces": {
				"north": {"uv": [6, 14, 7, 15], "texture": "#top"},
				"east": {"uv": [6, 14, 8, 15], "texture": "#top"},
				"south": {"uv": [7, 14, 8, 15], "texture": "#top"},
				"west": {"uv": [10, 14, 8, 15], "texture": "#top"},
				"up": {"uv": [8, 15, 6, 14], "rotation": 90, "texture": "#top"},
				"down": {"uv": [6, 14, 8, 15], "rotation": 90, "texture": "#top"}
			}
		},
		{
			"from": [1.5, 16, 7],
			"to": [2, 17, 9],
			"faces": {
				"north": {"uv": [7, 15, 8, 16], "texture": "#top"},
				"east": {"uv": [7, 15, 9, 16], "texture": "#top"},
				"south": {"uv": [8, 15, 9, 16], "texture": "#top"},
				"up": {"uv": [9, 16, 7, 15], "rotation": 90, "texture": "#top"},
				"down": {"uv": [7, 15, 9, 16], "rotation": 90, "texture": "#top"}
			}
		},
		{
			"from": [1.5, 18, 10],
			"to": [2, 19, 12],
			"faces": {
				"north": {"uv": [10, 13, 11, 14], "texture": "#top"},
				"east": {"uv": [10, 13, 12, 14], "texture": "#top"},
				"south": {"uv": [11, 13, 12, 14], "texture": "#top"},
				"west": {"uv": [6, 13, 4, 14], "texture": "#top"},
				"up": {"uv": [12, 14, 10, 13], "rotation": 90, "texture": "#top"},
				"down": {"uv": [10, 13, 12, 14], "rotation": 90, "texture": "#top"}
			}
		},
		{
			"from": [1.5, 26, 7],
			"to": [2, 27, 9],
			"faces": {
				"north": {"uv": [7, 5, 8, 6], "texture": "#top"},
				"east": {"uv": [7, 5, 9, 6], "texture": "#top"},
				"south": {"uv": [8, 5, 9, 6], "texture": "#top"},
				"up": {"uv": [9, 6, 7, 5], "rotation": 90, "texture": "#top"},
				"down": {"uv": [7, 5, 9, 6], "rotation": 90, "texture": "#top"}
			}
		},
		{
			"from": [1.5, 25, 8],
			"to": [2, 26, 10],
			"faces": {
				"north": {"uv": [8, 6, 9, 7], "texture": "#top"},
				"east": {"uv": [8, 6, 10, 7], "texture": "#top"},
				"south": {"uv": [9, 6, 10, 7], "texture": "#top"},
				"west": {"uv": [8, 6, 6, 7], "texture": "#top"},
				"up": {"uv": [10, 7, 8, 6], "rotation": 90, "texture": "#top"},
				"down": {"uv": [8, 6, 10, 7], "rotation": 90, "texture": "#top"}
			}
		},
		{
			"from": [1.5, 24, 9],
			"to": [2, 25, 11],
			"faces": {
				"north": {"uv": [9, 7, 10, 8], "texture": "#top"},
				"east": {"uv": [9, 7, 11, 8], "texture": "#top"},
				"south": {"uv": [10, 7, 11, 8], "texture": "#top"},
				"west": {"uv": [7, 7, 5, 8], "texture": "#top"},
				"up": {"uv": [11, 8, 9, 7], "rotation": 90, "texture": "#top"},
				"down": {"uv": [9, 7, 11, 8], "rotation": 90, "texture": "#top"}
			}
		},
		{
			"from": [1.5, 23, 10],
			"to": [2, 24, 12],
			"faces": {
				"north": {"uv": [10, 8, 11, 9], "texture": "#top"},
				"east": {"uv": [10, 8, 12, 9], "texture": "#top"},
				"south": {"uv": [11, 8, 12, 9], "texture": "#top"},
				"west": {"uv": [6, 8, 4, 9], "texture": "#top"},
				"up": {"uv": [12, 9, 10, 8], "rotation": 90, "texture": "#top"},
				"down": {"uv": [10, 8, 12, 9], "rotation": 90, "texture": "#top"}
			}
		},
		{
			"from": [1, 27, 8],
			"to": [1.5, 28, 10],
			"faces": {
				"north": {"uv": [7, 4, 8, 5], "texture": "#top"},
				"east": {"uv": [10, 4, 8, 5], "texture": "#top"},
				"south": {"uv": [6, 4, 7, 5], "texture": "#top"},
				"west": {"uv": [6, 4, 8, 5], "texture": "#top"},
				"up": {"uv": [8, 5, 6, 4], "rotation": 270, "texture": "#top"},
				"down": {"uv": [6, 4, 8, 5], "rotation": 270, "texture": "#top"}
			}
		},
		{
			"from": [1, 27, 4],
			"to": [1.5, 28, 5],
			"faces": {
				"north": {"uv": [11, 4, 12, 5], "texture": "#top"},
				"east": {"uv": [5, 4, 4, 5], "texture": "#top"},
				"south": {"uv": [11, 4, 12, 5], "texture": "#top"},
				"west": {"uv": [11, 4, 12, 5], "texture": "#top"},
				"up": {"uv": [12, 5, 11, 4], "rotation": 270, "texture": "#top"},
				"down": {"uv": [11, 4, 12, 5], "rotation": 270, "texture": "#top"}
			}
		},
		{
			"from": [1, 22, 4],
			"to": [1.5, 23, 5],
			"faces": {
				"north": {"uv": [11, 9, 12, 10], "texture": "#top"},
				"east": {"uv": [5, 9, 4, 10], "texture": "#top"},
				"south": {"uv": [11, 9, 12, 10], "texture": "#top"},
				"west": {"uv": [11, 9, 12, 10], "texture": "#top"},
				"up": {"uv": [12, 10, 11, 9], "rotation": 270, "texture": "#top"},
				"down": {"uv": [11, 9, 12, 10], "rotation": 270, "texture": "#top"}
			}
		},
		{
			"from": [1, 17, 4],
			"to": [1.5, 18, 5],
			"faces": {
				"north": {"uv": [11, 14, 12, 15], "texture": "#top"},
				"east": {"uv": [5, 14, 4, 15], "texture": "#top"},
				"south": {"uv": [11, 14, 12, 15], "texture": "#top"},
				"west": {"uv": [11, 14, 12, 15], "texture": "#top"},
				"up": {"uv": [12, 15, 11, 14], "rotation": 270, "texture": "#top"},
				"down": {"uv": [11, 14, 12, 15], "rotation": 270, "texture": "#top"}
			}
		},
		{
			"from": [1, 20, 11],
			"to": [1.5, 21, 12],
			"faces": {
				"north": {"uv": [4, 11, 5, 12], "texture": "#top"},
				"east": {"uv": [12, 11, 11, 12], "texture": "#top"},
				"south": {"uv": [4, 11, 5, 12], "texture": "#top"},
				"west": {"uv": [4, 11, 5, 12], "texture": "#top"},
				"up": {"uv": [5, 12, 4, 11], "rotation": 270, "texture": "#top"},
				"down": {"uv": [4, 11, 5, 12], "rotation": 270, "texture": "#top"}
			}
		},
		{
			"from": [1, 25, 11],
			"to": [1.5, 26, 12],
			"faces": {
				"north": {"uv": [4, 6, 5, 7], "texture": "#top"},
				"east": {"uv": [12, 6, 11, 7], "texture": "#top"},
				"south": {"uv": [4, 6, 5, 7], "texture": "#top"},
				"west": {"uv": [4, 6, 5, 7], "texture": "#top"},
				"up": {"uv": [5, 7, 4, 6], "rotation": 270, "texture": "#top"},
				"down": {"uv": [4, 6, 5, 7], "rotation": 270, "texture": "#top"}
			}
		},
		{
			"from": [1, 24, 10],
			"to": [1.5, 25, 12],
			"faces": {
				"north": {"uv": [5, 7, 6, 8], "texture": "#top"},
				"east": {"uv": [12, 7, 10, 8], "texture": "#top"},
				"south": {"uv": [4, 7, 5, 8], "texture": "#top"},
				"west": {"uv": [4, 7, 6, 8], "texture": "#top"},
				"up": {"uv": [6, 8, 4, 7], "rotation": 270, "texture": "#top"},
				"down": {"uv": [4, 7, 6, 8], "rotation": 270, "texture": "#top"}
			}
		},
		{
			"from": [1, 23, 9],
			"to": [1.5, 24, 11],
			"faces": {
				"north": {"uv": [6, 8, 7, 9], "texture": "#top"},
				"east": {"uv": [11, 8, 9, 9], "texture": "#top"},
				"south": {"uv": [5, 8, 6, 9], "texture": "#top"},
				"west": {"uv": [5, 8, 7, 9], "texture": "#top"},
				"up": {"uv": [7, 9, 5, 8], "rotation": 270, "texture": "#top"},
				"down": {"uv": [5, 8, 7, 9], "rotation": 270, "texture": "#top"}
			}
		},
		{
			"from": [1, 22, 8],
			"to": [1.5, 23, 10],
			"faces": {
				"north": {"uv": [7, 9, 8, 10], "texture": "#top"},
				"east": {"uv": [10, 9, 8, 10], "texture": "#top"},
				"south": {"uv": [6, 9, 7, 10], "texture": "#top"},
				"west": {"uv": [6, 9, 8, 10], "texture": "#top"},
				"up": {"uv": [8, 10, 6, 9], "rotation": 270, "texture": "#top"},
				"down": {"uv": [6, 9, 8, 10], "rotation": 270, "texture": "#top"}
			}
		},
		{
			"from": [1, 21, 7],
			"to": [1.5, 22, 9],
			"faces": {
				"north": {"uv": [8, 10, 9, 11], "texture": "#top"},
				"south": {"uv": [7, 10, 8, 11], "texture": "#top"},
				"west": {"uv": [7, 10, 9, 11], "texture": "#top"},
				"up": {"uv": [9, 11, 7, 10], "rotation": 270, "texture": "#top"},
				"down": {"uv": [7, 10, 9, 11], "rotation": 270, "texture": "#top"}
			}
		},
		{
			"from": [1, 20, 6],
			"to": [1.5, 21, 8],
			"faces": {
				"north": {"uv": [9, 11, 10, 12], "texture": "#top"},
				"east": {"uv": [8, 11, 6, 12], "texture": "#top"},
				"south": {"uv": [8, 11, 9, 12], "texture": "#top"},
				"west": {"uv": [8, 11, 10, 12], "texture": "#top"},
				"up": {"uv": [10, 12, 8, 11], "rotation": 270, "texture": "#top"},
				"down": {"uv": [8, 11, 10, 12], "rotation": 270, "texture": "#top"}
			}
		},
		{
			"from": [1, 19, 5],
			"to": [1.5, 20, 7],
			"faces": {
				"north": {"uv": [10, 12, 11, 13], "texture": "#top"},
				"east": {"uv": [7, 12, 5, 13], "texture": "#top"},
				"south": {"uv": [9, 12, 10, 13], "texture": "#top"},
				"west": {"uv": [9, 12, 11, 13], "texture": "#top"},
				"up": {"uv": [11, 13, 9, 12], "rotation": 270, "texture": "#top"},
				"down": {"uv": [9, 12, 11, 13], "rotation": 270, "texture": "#top"}
			}
		},
		{
			"from": [1, 19, 10],
			"to": [1.5, 20, 12],
			"faces": {
				"north": {"uv": [5, 12, 6, 13], "texture": "#top"},
				"east": {"uv": [12, 12, 10, 13], "texture": "#top"},
				"south": {"uv": [4, 12, 5, 13], "texture": "#top"},
				"west": {"uv": [4, 12, 6, 13], "texture": "#top"},
				"up": {"uv": [6, 13, 4, 12], "rotation": 270, "texture": "#top"},
				"down": {"uv": [4, 12, 6, 13], "rotation": 270, "texture": "#top"}
			}
		},
		{
			"from": [1, 18, 9],
			"to": [1.5, 19, 11],
			"faces": {
				"north": {"uv": [6, 13, 7, 14], "texture": "#top"},
				"east": {"uv": [11, 13, 9, 14], "texture": "#top"},
				"south": {"uv": [5, 13, 6, 14], "texture": "#top"},
				"west": {"uv": [5, 13, 7, 14], "texture": "#top"},
				"up": {"uv": [7, 14, 5, 13], "rotation": 270, "texture": "#top"},
				"down": {"uv": [5, 13, 7, 14], "rotation": 270, "texture": "#top"}
			}
		},
		{
			"from": [1, 17, 8],
			"to": [1.5, 18, 10],
			"faces": {
				"north": {"uv": [7, 14, 8, 15], "texture": "#top"},
				"east": {"uv": [10, 14, 8, 15], "texture": "#top"},
				"south": {"uv": [6, 14, 7, 15], "texture": "#top"},
				"west": {"uv": [6, 14, 8, 15], "texture": "#top"},
				"up": {"uv": [8, 15, 6, 14], "rotation": 270, "texture": "#top"},
				"down": {"uv": [6, 14, 8, 15], "rotation": 270, "texture": "#top"}
			}
		},
		{
			"from": [1, 16, 7],
			"to": [1.5, 17, 9],
			"faces": {
				"north": {"uv": [8, 15, 9, 16], "texture": "#top"},
				"south": {"uv": [7, 15, 8, 16], "texture": "#top"},
				"west": {"uv": [7, 15, 9, 16], "texture": "#top"},
				"up": {"uv": [9, 16, 7, 15], "rotation": 270, "texture": "#top"},
				"down": {"uv": [7, 15, 9, 16], "rotation": 270, "texture": "#top"}
			}
		},
		{
			"from": [1, 18, 4],
			"to": [1.5, 19, 6],
			"faces": {
				"north": {"uv": [11, 13, 12, 14], "texture": "#top"},
				"east": {"uv": [6, 13, 4, 14], "texture": "#top"},
				"south": {"uv": [10, 13, 11, 14], "texture": "#top"},
				"west": {"uv": [10, 13, 12, 14], "texture": "#top"},
				"up": {"uv": [12, 14, 10, 13], "rotation": 270, "texture": "#top"},
				"down": {"uv": [10, 13, 12, 14], "rotation": 270, "texture": "#top"}
			}
		},
		{
			"from": [1, 26, 7],
			"to": [1.5, 27, 9],
			"faces": {
				"north": {"uv": [8, 5, 9, 6], "texture": "#top"},
				"south": {"uv": [7, 5, 8, 6], "texture": "#top"},
				"west": {"uv": [7, 5, 9, 6], "texture": "#top"},
				"up": {"uv": [9, 6, 7, 5], "rotation": 270, "texture": "#top"},
				"down": {"uv": [7, 5, 9, 6], "rotation": 270, "texture": "#top"}
			}
		},
		{
			"from": [1, 25, 6],
			"to": [1.5, 26, 8],
			"faces": {
				"north": {"uv": [9, 6, 10, 7], "texture": "#top"},
				"east": {"uv": [8, 6, 6, 7], "texture": "#top"},
				"south": {"uv": [8, 6, 9, 7], "texture": "#top"},
				"west": {"uv": [8, 6, 10, 7], "texture": "#top"},
				"up": {"uv": [10, 7, 8, 6], "rotation": 270, "texture": "#top"},
				"down": {"uv": [8, 6, 10, 7], "rotation": 270, "texture": "#top"}
			}
		},
		{
			"from": [1, 24, 5],
			"to": [1.5, 25, 7],
			"faces": {
				"north": {"uv": [10, 7, 11, 8], "texture": "#top"},
				"east": {"uv": [7, 7, 5, 8], "texture": "#top"},
				"south": {"uv": [9, 7, 10, 8], "texture": "#top"},
				"west": {"uv": [9, 7, 11, 8], "texture": "#top"},
				"up": {"uv": [11, 8, 9, 7], "rotation": 270, "texture": "#top"},
				"down": {"uv": [9, 7, 11, 8], "rotation": 270, "texture": "#top"}
			}
		},
		{
			"from": [1, 23, 4],
			"to": [1.5, 24, 6],
			"faces": {
				"north": {"uv": [11, 8, 12, 9], "texture": "#top"},
				"east": {"uv": [6, 8, 4, 9], "texture": "#top"},
				"south": {"uv": [10, 8, 11, 9], "texture": "#top"},
				"west": {"uv": [10, 8, 12, 9], "texture": "#top"},
				"up": {"uv": [12, 9, 10, 8], "rotation": 270, "texture": "#top"},
				"down": {"uv": [10, 8, 12, 9], "rotation": 270, "texture": "#top"}
			}
		}
	]
}