{
	"credit": "Created by UnduGT for the Undopia Patch",
	"ambientocclusion": false,
	"gui_light": "front",
	"parent": "item/door_base",
	"textures": {
		"particle": "block/copper_door_bottom",
		"bottom": "block/copper_door_bottom",
		"extra": "block/copper_door_extra",
		"top": "block/copper_door_top"
	},
	"elements": [
		{
			"from": [0, 0, 0],
			"to": [3, 16, 16],
			"faces": {
				"north": {"uv": [3, 0, 6, 16], "texture": "#extra", "cullface": "north"},
				"east": {"uv": [16, 0, 0, 16], "texture": "#bottom"},
				"south": {"uv": [9, 0, 12, 16], "texture": "#extra", "cullface": "south"},
				"west": {"uv": [0, 0, 16, 16], "texture": "#bottom", "cullface": "west"},
				"down": {"uv": [12, 0, 15, 16], "rotation": 180, "texture": "#extra", "cullface": "down"}
			}
		},
		{
			"from": [-0.5, 10, 11],
			"to": [3.5, 12, 13],
			"rotation": {"angle": 0, "axis": "y", "origin": [0, -2, 0]},
			"faces": {
				"east": {"uv": [13, 4, 11, 6], "texture": "#bottom"},
				"west": {"uv": [11, 4, 13, 6], "texture": "#bottom", "cullface": "west"},
				"up": {"uv": [11, 4, 13, 5], "rotation": 90, "texture": "#bottom"},
				"down": {"uv": [11, 5, 13, 6], "rotation": 270, "texture": "#bottom"}
			}
		},
		{
			"from": [-0.5, 15, 11],
			"to": [3.5, 16, 13],
			"faces": {
				"north": {"uv": [11, 0, 12, 1], "texture": "#bottom"},
				"east": {"uv": [13, 0, 11, 1], "texture": "#bottom"},
				"south": {"uv": [12, 0, 13, 1], "texture": "#bottom"},
				"west": {"uv": [11, 0, 13, 1], "texture": "#bottom", "cullface": "west"},
				"down": {"uv": [11, 0, 13, 1], "rotation": 270, "texture": "#bottom"}
			}
		},
		{
			"from": [-0.5, 10, 13],
			"to": [3.5, 15, 14],
			"rotation": {"angle": 0, "axis": "y", "origin": [0, -3, 0]},
			"faces": {
				"north": {"uv": [13, 1, 14, 6], "texture": "#bottom"},
				"east": {"uv": [14, 1, 13, 6], "texture": "#bottom"},
				"south": {"uv": [13, 1, 14, 6], "texture": "#bottom"},
				"west": {"uv": [13, 1, 14, 6], "texture": "#bottom", "cullface": "west"},
				"up": {"uv": [13, 1, 14, 2], "rotation": 90, "texture": "#bottom"},
				"down": {"uv": [13, 5, 14, 6], "rotation": 270, "texture": "#bottom"}
			}
		},
		{
			"from": [-0.5, 10, 10],
			"to": [3.5, 15, 11],
			"rotation": {"angle": 0, "axis": "y", "origin": [0, -3, 0]},
			"faces": {
				"north": {"uv": [10, 1, 11, 6], "texture": "#bottom"},
				"east": {"uv": [11, 1, 10, 6], "texture": "#bottom"},
				"south": {"uv": [10, 1, 11, 6], "texture": "#bottom"},
				"west": {"uv": [10, 1, 11, 6], "texture": "#bottom", "cullface": "west"},
				"up": {"uv": [10, 1, 11, 2], "rotation": 90, "texture": "#bottom"},
				"down": {"uv": [10, 5, 11, 6], "rotation": 270, "texture": "#bottom"}
			}
		},
		{
			"from": [1, 23, 6],
			"to": [2, 25, 10],
			"rotation": {"angle": 0, "axis": "y", "origin": [0, 16, 0]},
			"faces": {
				"north": {"uv": [6, 7, 7, 9], "texture": "#top"},
				"east": {"uv": [10, 7, 6, 9], "texture": "#top"},
				"south": {"uv": [9, 7, 10, 9], "texture": "#top"},
				"west": {"uv": [6, 7, 10, 9], "texture": "#top", "cullface": "west"}
			}
		},
		{
			"from": [-0.5, 16, 11],
			"to": [3.5, 17, 13],
			"rotation": {"angle": 0, "axis": "y", "origin": [0, 16, 0]},
			"faces": {
				"north": {"uv": [11, 15, 12, 16], "texture": "#top"},
				"east": {"uv": [13, 15, 11, 16], "texture": "#top"},
				"south": {"uv": [12, 15, 13, 16], "texture": "#top"},
				"west": {"uv": [11, 15, 13, 16], "texture": "#top", "cullface": "west"},
				"up": {"uv": [11, 15, 13, 16], "rotation": 90, "texture": "#top"}
			}
		},
		{
			"from": [1, 19, 11],
			"to": [2, 20, 13],
			"rotation": {"angle": 0, "axis": "y", "origin": [0, 16, 0]},
			"faces": {
				"north": {"uv": [11, 12, 12, 13], "texture": "#top"},
				"east": {"uv": [13, 12, 11, 13], "texture": "#top"},
				"west": {"uv": [11, 12, 13, 13], "texture": "#top", "cullface": "west"}
			}
		},
		{
			"from": [1, 28, 11],
			"to": [2, 29, 13],
			"rotation": {"angle": 0, "axis": "y", "origin": [0, 16, 0]},
			"faces": {
				"north": {"uv": [11, 3, 12, 4], "texture": "#top"},
				"east": {"uv": [13, 3, 11, 4], "texture": "#top"},
				"west": {"uv": [11, 3, 13, 4], "texture": "#top", "cullface": "west"}
			}
		},
		{
			"from": [1, 28, 3],
			"to": [2, 29, 5],
			"rotation": {"angle": 0, "axis": "y", "origin": [0, 16, 0]},
			"faces": {
				"east": {"uv": [5, 3, 3, 4], "texture": "#top"},
				"south": {"uv": [4, 3, 5, 4], "texture": "#top"},
				"west": {"uv": [3, 3, 5, 4], "texture": "#top", "cullface": "west"}
			}
		},
		{
			"from": [1, 25, 5],
			"to": [2, 26, 11],
			"rotation": {"angle": 0, "axis": "y", "origin": [0, 16, 0]},
			"faces": {
				"north": {"uv": [5, 6, 6, 7], "texture": "#top"},
				"east": {"uv": [11, 6, 5, 7], "texture": "#top"},
				"south": {"uv": [10, 6, 11, 7], "texture": "#top"},
				"west": {"uv": [5, 6, 11, 7], "texture": "#top", "cullface": "west"},
				"up": {"uv": [5, 6, 11, 7], "rotation": 90, "texture": "#top"},
				"down": {"uv": [11, 6, 5, 7], "rotation": 90, "texture": "#top"}
			}
		},
		{
			"from": [1, 22, 5],
			"to": [2, 23, 11],
			"rotation": {"angle": 0, "axis": "y", "origin": [0, 16, 0]},
			"faces": {
				"north": {"uv": [5, 9, 6, 10], "texture": "#top"},
				"east": {"uv": [11, 9, 5, 10], "texture": "#top"},
				"south": {"uv": [10, 9, 11, 10], "texture": "#top", "cullface": "south"},
				"west": {"uv": [5, 9, 11, 10], "texture": "#top", "cullface": "west"},
				"up": {"uv": [5, 9, 11, 10], "rotation": 90, "texture": "#top"},
				"down": {"uv": [11, 9, 5, 10], "rotation": 90, "texture": "#top"}
			}
		},
		{
			"from": [1, 21, 4],
			"to": [2, 22, 7],
			"rotation": {"angle": 0, "axis": "y", "origin": [0, 16, 0]},
			"faces": {
				"north": {"uv": [4, 10, 5, 11], "texture": "#top"},
				"east": {"uv": [7, 10, 4, 11], "texture": "#top"},
				"south": {"uv": [6, 10, 7, 11], "texture": "#top"},
				"west": {"uv": [4, 10, 7, 11], "texture": "#top", "cullface": "west"},
				"up": {"uv": [4, 10, 7, 11], "rotation": 90, "texture": "#top"},
				"down": {"uv": [7, 10, 4, 11], "rotation": 90, "texture": "#top"}
			}
		},
		{
			"from": [1, 21, 9],
			"to": [2, 22, 12],
			"rotation": {"angle": 0, "axis": "y", "origin": [0, 16, 0]},
			"faces": {
				"north": {"uv": [9, 10, 10, 11], "texture": "#top"},
				"east": {"uv": [12, 10, 9, 11], "texture": "#top"},
				"south": {"uv": [11, 10, 12, 11], "texture": "#top"},
				"west": {"uv": [9, 10, 12, 11], "texture": "#top", "cullface": "west"},
				"up": {"uv": [9, 10, 12, 11], "rotation": 90, "texture": "#top"},
				"down": {"uv": [12, 10, 9, 11], "rotation": 90, "texture": "#top"}
			}
		},
		{
			"from": [1, 26, 9],
			"to": [2, 27, 12],
			"rotation": {"angle": 0, "axis": "y", "origin": [0, 16, 0]},
			"faces": {
				"north": {"uv": [9, 5, 10, 6], "texture": "#top"},
				"east": {"uv": [12, 5, 9, 6], "texture": "#top"},
				"south": {"uv": [11, 5, 12, 6], "texture": "#top"},
				"west": {"uv": [9, 5, 12, 6], "texture": "#top", "cullface": "west"},
				"up": {"uv": [9, 5, 12, 6], "rotation": 90, "texture": "#top"},
				"down": {"uv": [12, 5, 9, 6], "rotation": 90, "texture": "#top"}
			}
		},
		{
			"from": [1, 26, 4],
			"to": [2, 27, 7],
			"rotation": {"angle": 0, "axis": "y", "origin": [0, 16, 0]},
			"faces": {
				"north": {"uv": [4, 5, 5, 6], "texture": "#top"},
				"east": {"uv": [7, 5, 4, 6], "texture": "#top"},
				"south": {"uv": [6, 5, 7, 6], "texture": "#top"},
				"west": {"uv": [4, 5, 7, 6], "texture": "#top", "cullface": "west"},
				"up": {"uv": [4, 5, 7, 6], "rotation": 90, "texture": "#top"},
				"down": {"uv": [7, 5, 4, 6], "rotation": 90, "texture": "#top"}
			}
		},
		{
			"from": [1, 27, 3],
			"to": [2, 28, 6],
			"rotation": {"angle": 0, "axis": "y", "origin": [0, 16, 0]},
			"faces": {
				"east": {"uv": [6, 4, 3, 5], "texture": "#top"},
				"south": {"uv": [5, 4, 6, 5], "texture": "#top"},
				"west": {"uv": [3, 4, 6, 5], "texture": "#top", "cullface": "west"},
				"up": {"uv": [3, 4, 6, 5], "rotation": 90, "texture": "#top"},
				"down": {"uv": [6, 4, 3, 5], "rotation": 90, "texture": "#top"}
			}
		},
		{
			"from": [1, 27, 10],
			"to": [2, 28, 13],
			"rotation": {"angle": 0, "axis": "y", "origin": [0, 16, 0]},
			"faces": {
				"north": {"uv": [10, 4, 11, 5], "texture": "#top"},
				"east": {"uv": [13, 4, 10, 5], "texture": "#top"},
				"west": {"uv": [10, 4, 13, 5], "texture": "#top", "cullface": "west"},
				"up": {"uv": [10, 4, 13, 5], "rotation": 90, "texture": "#top"},
				"down": {"uv": [13, 4, 10, 5], "rotation": 90, "texture": "#top"}
			}
		},
		{
			"from": [1, 20, 10],
			"to": [2, 21, 13],
			"rotation": {"angle": 0, "axis": "y", "origin": [0, 16, 0]},
			"faces": {
				"north": {"uv": [10, 11, 11, 12], "texture": "#top"},
				"east": {"uv": [13, 11, 10, 12], "texture": "#top"},
				"west": {"uv": [10, 11, 13, 12], "texture": "#top", "cullface": "west"},
				"up": {"uv": [10, 11, 13, 12], "rotation": 90, "texture": "#top"},
				"down": {"uv": [13, 11, 10, 12], "rotation": 90, "texture": "#top"}
			}
		},
		{
			"from": [1, 20, 3],
			"to": [2, 21, 6],
			"rotation": {"angle": 0, "axis": "y", "origin": [0, 16, 0]},
			"faces": {
				"east": {"uv": [6, 11, 3, 12], "texture": "#top"},
				"south": {"uv": [5, 11, 6, 12], "texture": "#top"},
				"west": {"uv": [3, 11, 6, 12], "texture": "#top", "cullface": "west"},
				"up": {"uv": [3, 11, 6, 12], "rotation": 90, "texture": "#top"},
				"down": {"uv": [6, 11, 3, 12], "rotation": 90, "texture": "#top"}
			}
		},
		{
			"from": [1, 19, 3],
			"to": [2, 20, 5],
			"rotation": {"angle": 0, "axis": "y", "origin": [0, 16, 0]},
			"faces": {
				"east": {"uv": [5, 12, 3, 13], "texture": "#top"},
				"south": {"uv": [4, 12, 5, 13], "texture": "#top"},
				"west": {"uv": [3, 12, 5, 13], "texture": "#top", "cullface": "west"}
			}
		},
		{
			"from": [0, 29, 0],
			"to": [3, 32, 16],
			"rotation": {"angle": 0, "axis": "y", "origin": [0, 16, 0]},
			"faces": {
				"north": {"uv": [0, 0, 3, 3], "texture": "#extra", "cullface": "north"},
				"east": {"uv": [16, 0, 0, 3], "texture": "#top"},
				"south": {"uv": [6, 0, 9, 3], "texture": "#extra", "cullface": "south"},
				"west": {"uv": [0, 0, 16, 3], "texture": "#top", "cullface": "west"},
				"up": {"uv": [12, 0, 15, 16], "texture": "#extra", "cullface": "up"},
				"down": {"uv": [12, 0, 15, 16], "rotation": 180, "texture": "#extra"}
			}
		},
		{
			"from": [0, 16, 0],
			"to": [3, 19, 16],
			"rotation": {"angle": 0, "axis": "y", "origin": [0, 16, 0]},
			"faces": {
				"north": {"uv": [0, 13, 3, 16], "texture": "#extra", "cullface": "north"},
				"east": {"uv": [16, 13, 0, 16], "texture": "#top"},
				"south": {"uv": [6, 13, 9, 16], "texture": "#extra", "cullface": "south"},
				"west": {"uv": [0, 13, 16, 16], "texture": "#top", "cullface": "west"},
				"up": {"uv": [12, 0, 15, 16], "texture": "#extra"}
			}
		},
		{
			"from": [0, 19, 13],
			"to": [3, 29, 16],
			"rotation": {"angle": 0, "axis": "y", "origin": [0, 16, 0]},
			"faces": {
				"north": {"uv": [6, 3, 9, 13], "texture": "#extra"},
				"east": {"uv": [16, 3, 13, 13], "texture": "#top"},
				"south": {"uv": [6, 3, 9, 13], "texture": "#extra", "cullface": "south"},
				"west": {"uv": [13, 3, 16, 13], "texture": "#top", "cullface": "west"}
			}
		},
		{
			"from": [0, 19, 0],
			"to": [3, 29, 3],
			"rotation": {"angle": 0, "axis": "y", "origin": [0, 19, 0]},
			"faces": {
				"north": {"uv": [0, 3, 3, 13], "texture": "#extra", "cullface": "north"},
				"east": {"uv": [3, 3, 0, 13], "texture": "#top"},
				"south": {"uv": [6, 3, 9, 13], "texture": "#extra"},
				"west": {"uv": [0, 3, 3, 13], "texture": "#top", "cullface": "west"}
			}
		}
	]
}