{
	"credit": "Created by UnduGT for the Undopia Patch",
	"ambientocclusion": false,
	"gui_light": "front",
	"parent": "item/door_base",
	"textures": {
		"particle": "block/dark_oak_door_top",
		"bottom": "block/dark_oak_door_bottom",
		"extra": "block/dark_oak_door_extra",
		"top": "block/dark_oak_door_top"
	},
	"elements": [ 	 
		{
			"from": [ 0, 0, 0 ],
			"to": [ 3, 3, 16 ],
			"faces": {
				"down": { "uv": [ 12, 0, 15, 16 ], "texture": "#extra", "cullface": "down", "rotation": 180 },
				"up": { "uv": [ 12, 0, 15, 16 ], "texture": "#extra" },
				"north": { "uv": [ 3, 13, 6, 16 ], "texture": "#extra", "cullface": "north" },
				"south": { "uv": [ 9, 13, 12, 16 ], "texture": "#extra", "cullface": "south" },
				"west": { "uv": [ 0, 13, 16, 16 ], "texture": "#bottom", "cullface": "west" },
				"east": { "uv": [ 16, 13, 0, 16 ], "texture": "#bottom" }
			}
		},
		{
			"from": [ 0, 3, 13 ],
			"to": [ 3, 14, 16 ],
			"faces": {
				"north": { "uv": [ 9, 2, 12, 13 ], "texture": "#extra" },
				"south": { "uv": [ 9, 2, 12, 13 ], "texture": "#extra", "cullface": "south" },
				"west": { "uv": [ 13, 2, 16, 13 ], "texture": "#bottom", "cullface": "west" },
				"east": { "uv": [ 16, 2, 13, 13 ], "texture": "#bottom" }
			}
		},
		{
			"from": [ 0, 3, 6 ],
			"to": [ 3, 14, 10 ],
			"faces": {
				"north": { "uv": [ 9, 2, 12, 13 ], "texture": "#extra" },
				"south": { "uv": [ 9, 2, 12, 13 ], "texture": "#extra" },
				"west": { "uv": [ 6, 2, 10, 13 ], "texture": "#bottom", "cullface": "west" },
				"east": { "uv": [ 10, 2, 6, 13 ], "texture": "#bottom" }
			}
		},
		{
			"from": [ 0, 3, 0 ],
			"to": [ 3, 14, 3 ],
			"faces": {
				"north": { "uv": [ 3, 2, 6, 13 ], "texture": "#extra", "cullface": "north" },
				"south": { "uv": [ 9, 2, 12, 13 ], "texture": "#extra" },
				"west": { "uv": [ 0, 2, 3, 13 ], "texture": "#bottom", "cullface": "west" },
				"east": { "uv": [ 3, 2, 0, 13 ], "texture": "#bottom" }
			}
		},
		{
			"from": [ 0, 14, 0 ],
			"to": [ 3, 16, 16 ],
			"faces": {
				"down": { "uv": [ 12, 0, 15, 16 ], "texture": "#extra", "rotation": 180 },
				"north": { "uv": [ 3, 0.5, 6, 2.5 ], "texture": "#extra", "cullface": "north" },
				"south": { "uv": [ 9, 0, 12, 2 ], "texture": "#extra", "cullface": "south" },
				"west": { "uv": [ 0, 0, 16, 2 ], "texture": "#bottom", "cullface": "west" },
				"east": { "uv": [ 16, 0, 0, 2 ], "texture": "#bottom" }
			}
		},
		{
			"from": [ 0.5, 3, 3 ],
			"to": [ 2.5, 14, 13 ],
			"faces": {
				"west": { "uv": [ 3, 2, 13, 13 ], "texture": "#bottom" },
				"east": { "uv": [ 13, 2, 3, 13 ], "texture": "#bottom" }
			}
		},
		{
			"from": [ -0.5, 15, 11 ],
			"to": [ 3.5, 16, 12 ],
			"faces": {
				"down": { "uv": [ 11, 0, 12, 1 ], "texture": "#bottom" },
				"north": { "uv": [ 11, 0, 12, 1 ], "texture": "#bottom" },
				"south": { "uv": [ 11, 0, 12, 1 ], "texture": "#bottom" },
				"west": { "uv": [ 11, 0, 12, 1 ], "texture": "#bottom", "cullface": "west" },
				"east": { "uv": [ 11, 0, 12, 1 ], "texture": "#bottom" }
			}
		},
		{
			"from": [ 0, 16, 0 ],
			"to": [ 3, 18, 16 ],
			"faces": {
				"up": { "uv": [ 12, 0, 15, 16 ], "texture": "#extra" },
				"north": { "uv": [ 0, 14, 3, 16 ], "texture": "#extra", "cullface": "north" },
				"south": { "uv": [ 6, 14, 9, 16 ], "texture": "#extra", "cullface": "south" },
				"west": { "uv": [ 0, 14, 16, 16 ], "texture": "#top", "cullface": "west" },
				"east": { "uv": [ 16, 14, 0, 16 ], "texture": "#top" }
			}
		},
		{
			"from": [ 0, 18, 13 ],
			"to": [ 3, 29, 16 ],
			"faces": {
				"north": { "uv": [ 6, 3, 9, 14 ], "texture": "#extra" },
				"south": { "uv": [ 6, 3, 9, 14 ], "texture": "#extra", "cullface": "south" },
				"west": { "uv": [ 13, 3, 16, 14 ], "texture": "#top", "cullface": "west" },
				"east": { "uv": [ 16, 3, 13, 14 ], "texture": "#top" }
			}
		},
		{
			"from": [ 0, 18, 6 ],
			"to": [ 3, 29, 10 ],
			"faces": {
				"north": { "uv": [ 6, 3, 9, 14 ], "texture": "#extra" },
				"south": { "uv": [ 6, 3, 9, 14 ], "texture": "#extra" },
				"west": { "uv": [ 6, 3, 10, 14 ], "texture": "#top", "cullface": "west" },
				"east": { "uv": [ 10, 3, 6, 14 ], "texture": "#top" }
			}
		},
		{
			"from": [ 0, 18, 0 ],
			"to": [ 3, 29, 3 ],
			"faces": {
				"north": { "uv": [ 0, 3, 3, 14 ], "texture": "#extra", "cullface": "north" },
				"south": { "uv": [ 6, 3, 9, 14 ], "texture": "#extra" },
				"west": { "uv": [ 0, 3, 3, 14 ], "texture": "#top", "cullface": "west" },
				"east": { "uv": [ 3, 3, 0, 14 ], "texture": "#top" }
			}
		},
		{
			"from": [ 0, 29, 0 ],
			"to": [ 3, 32, 16 ],
			"faces": {
				"down": { "uv": [ 12, 0, 15, 16 ], "texture": "#extra", "rotation": 180 },
				"up": { "uv": [ 12, 0, 15, 16 ], "texture": "#extra", "cullface": "up" },
				"north": { "uv": [ 0, 0, 3, 3 ], "texture": "#extra", "cullface": "north" },
				"south": { "uv": [ 6, 0, 9, 3 ], "texture": "#extra", "cullface": "south" },
				"west": { "uv": [ 0, 0, 16, 3 ], "texture": "#top", "cullface": "west" },
				"east": { "uv": [ 16, 0, 0, 3 ], "texture": "#top" }
			}
		},
		{
			"from": [ 0.5, 18, 3 ],
			"to": [ 2.5, 29, 13 ],
			"faces": {
				"west": { "uv": [ 3, 3, 13, 14 ], "texture": "#top" },
				"east": { "uv": [ 13, 3, 3, 14 ], "texture": "#top" }
			}
		},
		{
			"from": [ -0.5, 16, 11 ],
			"to": [ 3.5, 17, 14 ],
			"faces": {
				"down": { "uv": [ 11, 15, 14, 16 ], "texture": "#top", "rotation": 270 },
				"up": { "uv": [ 11, 15, 14, 16 ], "texture": "#top", "rotation": 90 },
				"north": { "uv": [ 11, 15, 12, 16 ], "texture": "#top" },
				"south": { "uv": [ 13, 15, 14, 16 ], "texture": "#top" },
				"west": { "uv": [ 11, 15, 14, 16 ], "texture": "#top", "cullface": "west" },
				"east": { "uv": [ 14, 15, 11, 16 ], "texture": "#top" }
			}
		}
	]
}