{
	"credit": "Created by UnduGT for the Undopia Patch",
	"ambientocclusion": false,
	"gui_light": "front",
	"parent": "item/door_base",
	"textures": {
		"particle": "block/oak_door_top",
		"bottom": "block/oak_door_bottom",
		"extra": "block/oak_door_extra",
		"top": "block/oak_door_top"
	},
	"elements": [ 	 
		{
			"from": [ 0, 0, 0 ],
			"to": [ 3, 3, 16 ],
			"faces": {
				"down": { "uv": [ 12, 0, 15, 16 ], "texture": "#extra", "cullface": "down", "rotation": 180 },
				"up": { "uv": [ 12, 0, 15, 16 ], "texture": "#extra" },
				"north": { "uv": [ 3, 13, 6, 16 ], "texture": "#extra", "cullface": "north" },
				"south": { "uv": [ 9, 13, 12, 16 ], "texture": "#extra", "cullface": "south" },
				"west": { "uv": [ 0, 13, 16, 16 ], "texture": "#bottom", "cullface": "west" },
				"east": { "uv": [ 16, 13, 0, 16 ], "texture": "#bottom" }
			}
		},
		{
			"from": [ 0, 3, 13 ],
			"to": [ 3, 16, 16 ],
			"faces": {
				"north": { "uv": [ 9, 0, 12, 13 ], "texture": "#extra" },
				"south": { "uv": [ 9, 0, 12, 13 ], "texture": "#extra", "cullface": "south" },
				"west": { "uv": [ 13, 0, 16, 13 ], "texture": "#bottom", "cullface": "west" },
				"east": { "uv": [ 16, 0, 13, 13 ], "texture": "#bottom" }
			}
		},
		{
			"from": [ 0, 3, 0 ],
			"to": [ 3, 16, 3 ],
			"faces": {
				"north": { "uv": [ 3, 0, 6, 13 ], "texture": "#extra", "cullface": "north" },
				"south": { "uv": [ 9, 0, 12, 13 ], "texture": "#extra" },
				"west": { "uv": [ 0, 0, 3, 13 ], "texture": "#bottom", "cullface": "west" },
				"east": { "uv": [ 3, 0, 0, 13 ], "texture": "#bottom" }
			}
		},
		{
			"from": [ 0, 3, 7 ],
			"to": [ 3, 16, 9 ],
			"faces": {
				"north": { "uv": [ 9, 0, 12, 13 ], "texture": "#extra" },
				"south": { "uv": [ 9, 0, 12, 13 ], "texture": "#extra" },
				"west": { "uv": [ 7, 0, 9, 13 ], "texture": "#bottom", "cullface": "west" },
				"east": { "uv": [ 9, 0, 7, 13 ], "texture": "#bottom" }
			}
		},
		{
			"from": [ 0, 6, 3 ],
			"to": [ 3, 9, 13 ],
			"faces": {
				"down": { "uv": [ 12, 3, 15, 13 ], "texture": "#extra", "rotation": 180 },
				"up": { "uv": [ 12, 3, 15, 13 ], "texture": "#extra" },
				"west": { "uv": [ 3, 7, 13, 10 ], "texture": "#bottom", "cullface": "west" },
				"east": { "uv": [ 13, 7, 3, 10 ], "texture": "#bottom" }
			}
		},
		{
			"from": [ 0, 12, 3 ],
			"to": [ 3, 15, 13 ],
			"faces": {
				"down": { "uv": [ 12, 3, 15, 13 ], "texture": "#extra", "rotation": 180 },
				"up": { "uv": [ 12, 3, 15, 13 ], "texture": "#extra" },
				"west": { "uv": [ 3, 1, 13, 4 ], "texture": "#bottom", "cullface": "west" },
				"east": { "uv": [ 13, 1, 3, 4 ], "texture": "#bottom" }
			}
		},
		{
			"from": [ 0.5, 3, 3 ],
			"to": [ 2.5, 16, 13 ],
			"faces": {
				"west": { "uv": [ 3, 0, 13, 13 ], "texture": "#bottom" },
				"east": { "uv": [ 3, 0, 13, 13 ], "texture": "#bottom" }
			}
		},
		{
			"from": [ 0, 16, 13 ],
			"to": [ 3, 29, 16 ],
			"faces": {
				"north": { "uv": [ 6, 3, 9, 16 ], "texture": "#extra" },
				"south": { "uv": [ 6, 3, 9, 16 ], "texture": "#extra", "cullface": "south" },
				"west": { "uv": [ 13, 3, 16, 16 ], "texture": "#top", "cullface": "west" },
				"east": { "uv": [ 16, 3, 13, 16 ], "texture": "#top" }
			}
		},
		{
			"from": [ 0, 16, 0 ],
			"to": [ 3, 29, 3 ],
			"faces": {
				"north": { "uv": [ 0, 3, 3, 16 ], "texture": "#extra", "cullface": "north" },
				"south": { "uv": [ 6, 3, 9, 16 ], "texture": "#extra" },
				"west": { "uv": [ 0, 3, 3, 16 ], "texture": "#top", "cullface": "west" },
				"east": { "uv": [ 3, 3, 0, 16 ], "texture": "#top" }
			}
		},
		{
			"from": [ 0, 16, 7 ],
			"to": [ 3, 29, 9 ],
			"faces": {
				"north": { "uv": [ 6, 3, 9, 16 ], "texture": "#extra" },
				"south": { "uv": [ 6, 3, 9, 16 ], "texture": "#extra" },
				"west": { "uv": [ 7, 3, 9, 16 ], "texture": "#top", "cullface": "west" },
				"east": { "uv": [ 9, 3, 7, 16 ], "texture": "#top" }
			}
		},
		{
			"from": [ 0, 18, 3 ],
			"to": [ 3, 21, 13 ],
			"faces": {
				"down": { "uv": [ 12, 3, 15, 13 ], "texture": "#extra", "rotation": 180 },
				"up": { "uv": [ 12, 3, 15, 13 ], "texture": "#extra" },
				"west": { "uv": [ 3, 11, 13, 14 ], "texture": "#top", "cullface": "west" },
				"east": { "uv": [ 13, 11, 3, 14 ], "texture": "#top" }
			}
		},
		{
			"from": [ 0, 24, 3 ],
			"to": [ 3, 26, 13 ],
			"faces": {
				"down": { "uv": [ 12, 3, 15, 13 ], "texture": "#extra", "rotation": 180 },
				"up": { "uv": [ 12, 3, 15, 13 ], "texture": "#extra" },
				"west": { "uv": [ 3, 6, 13, 8 ], "texture": "#top", "cullface": "west" },
				"east": { "uv": [ 13, 6, 3, 8 ], "texture": "#top" }
			}
		},
		{
			"from": [ 0, 29, 0 ],
			"to": [ 3, 32, 16 ],
			"faces": {
				"down": { "uv": [ 12, 0, 15, 16 ], "texture": "#extra", "rotation": 180 },
				"up": { "uv": [ 12, 0, 15, 16 ], "texture": "#extra", "cullface": "up" },
				"north": { "uv": [ 0, 0, 3, 3 ], "texture": "#extra", "cullface": "north" },
				"south": { "uv": [ 6, 0, 9, 3 ], "texture": "#extra", "cullface": "south" },
				"west": { "uv": [ 0, 0, 16, 3 ], "texture": "#top", "cullface": "west" },
				"east": { "uv": [ 16, 0, 0, 3 ], "texture": "#top" }
			}
		},
		{
			"from": [ 0.5, 16, 3 ],
			"to": [ 2.5, 18, 13 ],
			"faces": {
				"west": { "uv": [ 3, 14, 13, 16 ], "texture": "#top" },
				"east": { "uv": [ 13, 14, 3, 16 ], "texture": "#top" }
			}
		},
		{
			"from": [ -0.5, 16, 11 ],
			"to": [ 3.5, 17, 12 ],
			"faces": {
				"down": { "uv": [ 11, 15, 12, 16 ], "texture": "#top" },
				"north": { "uv": [ 11, 15, 12, 16 ], "texture": "#top" },
				"south": { "uv": [ 11, 15, 12, 16 ], "texture": "#top" },
				"west": { "uv": [ 11, 15, 12, 16 ], "texture": "#top", "cullface": "west" },
				"east": { "uv": [ 12, 15, 11, 16 ], "texture": "#top" }
			}
		},
		{
			"from": [ -0.5, 17, 11 ],
			"to": [ 3.5, 18, 14 ],
			"faces": {
				"down": { "uv": [ 11, 14, 14, 15 ], "texture": "#top", "rotation": 270 },
				"up": { "uv": [ 11, 14, 14, 15 ], "texture": "#top", "rotation": 90 },
				"north": { "uv": [ 11, 14, 12, 15 ], "texture": "#top" },
				"south": { "uv": [ 13, 14, 14, 15 ], "texture": "#top" },
				"west": { "uv": [ 11, 14, 14, 15 ], "texture": "#top", "cullface": "west" },
				"east": { "uv": [ 14, 14, 11, 15 ], "texture": "#top" }
			}
		}
	]
}