{"item.flintandsteel.use":{"sounds":[{"name":"fire\/ignite","volume":0.05}],"replace":true,"subtitle":"subtitles.item.flintandsteel.use"},"entity.generic.extinguish_fire":{"sounds":[{"name":"random\/fizz","volume":0.05}],"replace":true,"subtitle":"subtitles.entity.generic.extinguish_fire"},"block.fire.extinguish":{"sounds":[{"name":"random\/fizz","volume":0.05}],"replace":true,"subtitle":"subtitles.block.fire.extinguish"},"entity.player.hurt_on_fire":{"sounds":[{"name":"entity\/player\/hurt\/fire_hurt1","volume":0.05},{"name":"entity\/player\/hurt\/fire_hurt2","volume":0.05},{"name":"entity\/player\/hurt\/fire_hurt3","volume":0.05}],"replace":true,"subtitle":"subtitles.entity.player.hurt_on_fire"},"block.fire.ambient":{"sounds":[{"name":"fire\/fire","volume":0.05}],"replace":true,"subtitle":"subtitles.block.fire.ambient"},"block.portal.ambient":{"sounds":[{"attenuation_distance":10,"name":"portal\/portal","volume":0.05}],"replace":true,"subtitle":"subtitles.block.portal.ambient"},"block.portal.travel":{"sounds":[{"name":"portal\/travel","volume":0.05}],"replace":true},"block.portal.trigger":{"sounds":[{"name":"portal\/trigger","volume":0.05}],"replace":true,"subtitle":"subtitles.block.portal.trigger"},"block.piston.contract":{"sounds":[{"name":"tile\/piston\/in","volume":0.05}],"replace":true,"subtitle":"subtitles.block.piston.move"},"block.piston.extend":{"sounds":[{"name":"tile\/piston\/out","volume":0.05}],"replace":true,"subtitle":"subtitles.block.piston.move"},"entity.minecart.inside":{"sounds":[{"name":"minecart\/inside","volume":0.05}],"replace":true},"entity.minecart.inside.underwater":{"sounds":[{"name":"minecart\/inside_underwater1","volume":0.05},{"name":"minecart\/inside_underwater2","volume":0.05},{"name":"minecart\/inside_underwater3","volume":0.05}],"replace":true},"entity.minecart.riding":{"sounds":[{"name":"minecart\/base","volume":0.05}],"replace":true,"subtitle":"subtitles.entity.minecart.riding"},"block.dispenser.dispense":{"sounds":[{"name":"random\/click","volume":0.05}],"replace":true,"subtitle":"subtitles.block.dispenser.dispense"},"block.dispenser.fail":{"sounds":[{"name":"random\/click","volume":0.05}],"replace":true,"subtitle":"subtitles.block.dispenser.fail"},"block.dispenser.launch":{"sounds":[{"name":"random\/bow","volume":0.05}],"replace":true,"subtitle":"subtitles.block.dispenser.dispense"},"weather.rain":{"sounds":[{"name":"ambient\/weather\/rain1","volume":0.05},{"name":"ambient\/weather\/rain2","volume":0.05},{"name":"ambient\/weather\/rain3","volume":0.05},{"name":"ambient\/weather\/rain4","volume":0.05},{"name":"ambient\/weather\/rain5","volume":0.05},{"name":"ambient\/weather\/rain6","volume":0.05},{"name":"ambient\/weather\/rain7","volume":0.05},{"name":"ambient\/weather\/rain8","volume":0.05}],"replace":true,"subtitle":"subtitles.weather.rain"},"weather.rain.above":{"sounds":[{"name":"ambient\/weather\/rain1","volume":0.05},{"name":"ambient\/weather\/rain2","volume":0.05},{"name":"ambient\/weather\/rain3","volume":0.05},{"name":"ambient\/weather\/rain4","volume":0.05}],"replace":true,"subtitle":"subtitles.weather.rain"},"entity.villager.ambient":{"sounds":[{"name":"mob\/villager\/idle1","volume":0.05},{"name":"mob\/villager\/idle2","volume":0.05},{"name":"mob\/villager\/idle3","volume":0.05}],"replace":true,"subtitle":"subtitles.entity.villager.ambient"},"entity.villager.celebrate":{"sounds":[{"name":"mob\/villager\/yes1","volume":0.05},{"name":"mob\/villager\/yes2","volume":0.05},{"name":"mob\/villager\/yes3","volume":0.05}],"replace":true,"subtitle":"subtitles.entity.villager.celebrate"},"entity.villager.death":{"sounds":[{"name":"mob\/villager\/death","volume":0.05}],"replace":true,"subtitle":"subtitles.entity.villager.death"},"entity.villager.hurt":{"sounds":[{"name":"mob\/villager\/hit1","volume":0.05},{"name":"mob\/villager\/hit2","volume":0.05},{"name":"mob\/villager\/hit3","volume":0.05},{"name":"mob\/villager\/hit4","volume":0.05}],"replace":true,"subtitle":"subtitles.entity.villager.hurt"},"entity.villager.no":{"sounds":[{"name":"mob\/villager\/no1","volume":0.05},{"name":"mob\/villager\/no2","volume":0.05},{"name":"mob\/villager\/no3","volume":0.05}],"replace":true,"subtitle":"subtitles.entity.villager.no"},"entity.villager.trade":{"sounds":[{"name":"mob\/villager\/haggle1","volume":0.05},{"name":"mob\/villager\/haggle2","volume":0.05},{"name":"mob\/villager\/haggle3","volume":0.05}],"replace":true,"subtitle":"subtitles.entity.villager.trade"},"entity.villager.work_armorer":{"sounds":[{"name":"block\/blastfurnace\/blastfurnace1","volume":0.05},{"name":"block\/blastfurnace\/blastfurnace2","volume":0.05},{"name":"block\/blastfurnace\/blastfurnace3","volume":0.05},{"name":"block\/blastfurnace\/blastfurnace4","volume":0.05},{"name":"block\/blastfurnace\/blastfurnace5","volume":0.05}],"replace":true,"subtitle":"subtitles.entity.villager.work_armorer"},"entity.villager.work_butcher":{"sounds":[{"name":"block\/smoker\/smoker1","volume":0.05},{"name":"block\/smoker\/smoker2","volume":0.05},{"name":"block\/smoker\/smoker3","volume":0.05},{"name":"block\/smoker\/smoker4","volume":0.05},{"name":"block\/smoker\/smoker5","volume":0.05}],"replace":true,"subtitle":"subtitles.entity.villager.work_butcher"},"entity.villager.work_cartographer":{"sounds":[{"name":"ui\/cartography_table\/drawmap1","volume":0.05},{"name":"ui\/cartography_table\/drawmap2","volume":0.05},{"name":"ui\/cartography_table\/drawmap3","volume":0.05}],"replace":true,"subtitle":"subtitles.entity.villager.work_cartographer"},"entity.villager.work_cleric":{"sounds":[{"name":"block\/brewing_stand\/brew1","volume":0.05},{"name":"block\/brewing_stand\/brew2","volume":0.05}],"replace":true,"subtitle":"subtitles.entity.villager.work_cleric"},"entity.villager.work_farmer":{"sounds":[{"name":"block\/composter\/fill_success1","volume":0.05},{"name":"block\/composter\/fill_success2","volume":0.05},{"name":"block\/composter\/fill_success3","volume":0.05},{"name":"block\/composter\/fill_success4","volume":0.05}],"replace":true,"subtitle":"subtitles.entity.villager.work_farmer"},"entity.villager.work_fisherman":{"sounds":[{"name":"block\/barrel\/open1","volume":0.05},{"name":"block\/barrel\/open2","volume":0.05}],"replace":true,"subtitle":"subtitles.entity.villager.work_fisherman"},"entity.villager.work_fletcher":{"sounds":[{"name":"block\/fletching_table\/fletching_table1","volume":0.05},{"name":"block\/fletching_table\/fletching_table2","volume":0.05}],"replace":true,"subtitle":"subtitles.entity.villager.work_fletcher"},"entity.villager.work_leatherworker":{"sounds":[{"name":"block\/cauldron\/dye1","volume":0.045},{"name":"block\/cauldron\/dye2","volume":0.045},{"name":"block\/cauldron\/dye3","volume":0.045}],"replace":true,"subtitle":"subtitles.entity.villager.work_leatherworker"},"entity.villager.work_librarian":{"sounds":[{"name":"item\/book\/open_flip1","volume":0.1},{"name":"item\/book\/open_flip2","volume":0.1},{"name":"item\/book\/open_flip3","volume":0.1}],"replace":true,"subtitle":"subtitles.entity.villager.work_librarian"},"entity.villager.work_mason":{"sounds":[{"name":"ui\/stonecutter\/cut1","pitch":0.92,"volume":0.05},{"name":"ui\/stonecutter\/cut1","volume":0.05},{"name":"ui\/stonecutter\/cut2","pitch":0.92,"volume":0.05},{"name":"ui\/stonecutter\/cut2","volume":0.05}],"replace":true,"subtitle":"subtitles.entity.villager.work_mason"},"entity.villager.work_shepherd":{"sounds":[{"name":"ui\/loom\/take_result1","volume":0.025},{"name":"ui\/loom\/take_result2","volume":0.025}],"replace":true,"subtitle":"subtitles.entity.villager.work_shepherd"},"entity.villager.work_toolsmith":{"sounds":[{"name":"block\/smithing_table\/smithing_table1","volume":0.05},{"name":"block\/smithing_table\/smithing_table2","volume":0.05},{"name":"block\/smithing_table\/smithing_table3","volume":0.05}],"replace":true,"subtitle":"subtitles.entity.villager.work_toolsmith"},"entity.villager.work_weaponsmith":{"sounds":[{"name":"block\/grindstone\/grindstone1","volume":0.025},{"name":"block\/grindstone\/grindstone2","volume":0.025},{"name":"block\/grindstone\/grindstone3","volume":0.025}],"replace":true,"subtitle":"subtitles.entity.villager.work_weaponsmith"},"entity.villager.yes":{"sounds":[{"name":"mob\/villager\/yes1","volume":0.025},{"name":"mob\/villager\/yes2","volume":0.025},{"name":"mob\/villager\/yes3","volume":0.025}],"replace":true,"subtitle":"subtitles.entity.villager.yes"},"entity.wandering_trader.ambient":{"sounds":[{"name":"mob\/wandering_trader\/idle1","volume":0.05},{"name":"mob\/wandering_trader\/idle2","volume":0.05},{"name":"mob\/wandering_trader\/idle3","volume":0.05},{"name":"mob\/wandering_trader\/idle4","volume":0.05},{"name":"mob\/wandering_trader\/idle5","volume":0.05}],"replace":true,"subtitle":"subtitles.entity.wandering_trader.ambient"},"entity.wandering_trader.death":{"sounds":[{"name":"mob\/wandering_trader\/death","volume":0.05}],"replace":true,"subtitle":"subtitles.entity.wandering_trader.death"},"entity.wandering_trader.disappeared":{"sounds":[{"name":"mob\/wandering_trader\/disappeared1","volume":0.04},{"name":"mob\/wandering_trader\/disappeared2","volume":0.04}],"replace":true,"subtitle":"subtitles.entity.wandering_trader.disappeared"},"entity.wandering_trader.drink_milk":{"sounds":[{"name":"mob\/wandering_trader\/drink_milk1","volume":0.05},{"name":"mob\/wandering_trader\/drink_milk2","volume":0.05},{"name":"mob\/wandering_trader\/drink_milk3","volume":0.05},{"name":"mob\/wandering_trader\/drink_milk4","volume":0.05},{"name":"mob\/wandering_trader\/drink_milk5","volume":0.05}],"replace":true,"subtitle":"subtitles.entity.wandering_trader.drink_milk"},"entity.wandering_trader.drink_potion":{"sounds":[{"name":"mob\/wandering_trader\/drink_potion","volume":0.035},{"name":"random\/drink","volume":0.0325}],"replace":true,"subtitle":"subtitles.entity.wandering_trader.drink_potion"},"entity.wandering_trader.hurt":{"sounds":[{"name":"mob\/wandering_trader\/hurt1","volume":0.05},{"name":"mob\/wandering_trader\/hurt2","volume":0.05},{"name":"mob\/wandering_trader\/hurt3","volume":0.05},{"name":"mob\/wandering_trader\/hurt4","volume":0.05}],"replace":true,"subtitle":"subtitles.entity.wandering_trader.hurt"},"entity.wandering_trader.no":{"sounds":[{"name":"mob\/wandering_trader\/no1","volume":0.05},{"name":"mob\/wandering_trader\/no2","volume":0.05},{"name":"mob\/wandering_trader\/no3","volume":0.05},{"name":"mob\/wandering_trader\/no4","volume":0.05},{"name":"mob\/wandering_trader\/no5","volume":0.05}],"replace":true,"subtitle":"subtitles.entity.wandering_trader.no"},"entity.wandering_trader.reappeared":{"sounds":[{"name":"mob\/wandering_trader\/reappeared1","volume":0.04},{"name":"mob\/wandering_trader\/reappeared2","volume":0.04}],"replace":true,"subtitle":"subtitles.entity.wandering_trader.reappeared"},"entity.wandering_trader.trade":{"sounds":[{"name":"mob\/wandering_trader\/haggle1","volume":0.05},{"name":"mob\/wandering_trader\/haggle2","volume":0.05},{"name":"mob\/wandering_trader\/haggle3","volume":0.05}],"replace":true,"subtitle":"subtitles.entity.wandering_trader.trade"},"entity.wandering_trader.yes":{"sounds":[{"name":"mob\/wandering_trader\/yes1","volume":0.05},{"name":"mob\/wandering_trader\/yes2","volume":0.05},{"name":"mob\/wandering_trader\/yes3","volume":0.05},{"name":"mob\/wandering_trader\/yes4","volume":0.05}],"replace":true,"subtitle":"subtitles.entity.wandering_trader.yes"},"entity.silverfish.ambient":{"sounds":[{"name":"mob\/silverfish\/say1","volume":0.05},{"name":"mob\/silverfish\/say2","volume":0.05},{"name":"mob\/silverfish\/say3","volume":0.05},{"name":"mob\/silverfish\/say4","volume":0.05}],"replace":true,"subtitle":"subtitles.entity.silverfish.ambient"},"entity.silverfish.death":{"sounds":[{"name":"mob\/silverfish\/kill","volume":0.05}],"replace":true,"subtitle":"subtitles.entity.silverfish.death"},"entity.silverfish.hurt":{"sounds":[{"name":"mob\/silverfish\/hit1","volume":0.05},{"name":"mob\/silverfish\/hit2","volume":0.05},{"name":"mob\/silverfish\/hit3","volume":0.05}],"replace":true,"subtitle":"subtitles.entity.silverfish.hurt"},"entity.silverfish.step":{"sounds":[{"name":"mob\/silverfish\/step1","volume":0.05},{"name":"mob\/silverfish\/step2","volume":0.05},{"name":"mob\/silverfish\/step3","volume":0.05},{"name":"mob\/silverfish\/step4","volume":0.05}],"replace":true,"subtitle":"subtitles.block.generic.footsteps"},"entity.shulker.ambient":{"sounds":[{"name":"entity\/shulker\/ambient1","volume":0.05},{"name":"entity\/shulker\/ambient2","volume":0.05},{"name":"entity\/shulker\/ambient3","volume":0.05},{"name":"entity\/shulker\/ambient4","volume":0.05},{"name":"entity\/shulker\/ambient5","volume":0.05},{"name":"entity\/shulker\/ambient6","volume":0.05},{"name":"entity\/shulker\/ambient7","volume":0.05},{"name":"entity\/shulker\/ambient7","volume":0.05}],"replace":true,"subtitle":"subtitles.entity.shulker.ambient"},"entity.shulker.close":{"sounds":[{"name":"entity\/shulker\/close1","volume":0.05},{"name":"entity\/shulker\/close2","volume":0.05},{"name":"entity\/shulker\/close3","volume":0.05},{"name":"entity\/shulker\/close4","volume":0.05},{"name":"entity\/shulker\/close5","volume":0.05}],"replace":true,"subtitle":"subtitles.entity.shulker.close"},"entity.shulker.death":{"sounds":[{"name":"entity\/shulker\/death1","volume":0.05},{"name":"entity\/shulker\/death2","volume":0.05},{"name":"entity\/shulker\/death3","volume":0.05},{"name":"entity\/shulker\/death4","volume":0.05}],"replace":true,"subtitle":"subtitles.entity.shulker.death"},"entity.shulker.hurt":{"sounds":[{"name":"entity\/shulker\/hurt1","volume":0.05},{"name":"entity\/shulker\/hurt2","volume":0.05},{"name":"entity\/shulker\/hurt3","volume":0.05},{"name":"entity\/shulker\/hurt4","volume":0.05}],"replace":true,"subtitle":"subtitles.entity.shulker.hurt"},"entity.shulker.hurt_closed":{"sounds":[{"name":"entity\/shulker\/hurt_closed1","volume":0.05},{"name":"entity\/shulker\/hurt_closed2","volume":0.05},{"name":"entity\/shulker\/hurt_closed3","volume":0.05},{"name":"entity\/shulker\/hurt_closed4","volume":0.05},{"name":"entity\/shulker\/hurt_closed5","volume":0.05}],"replace":true,"subtitle":"subtitles.entity.shulker.hurt"},"entity.shulker.open":{"sounds":[{"name":"entity\/shulker\/open1","volume":0.05},{"name":"entity\/shulker\/open2","volume":0.05},{"name":"entity\/shulker\/open3","volume":0.05},{"name":"entity\/shulker\/open4","volume":0.05},{"name":"entity\/shulker\/open5","volume":0.05}],"replace":true,"subtitle":"subtitles.entity.shulker.open"},"entity.shulker.shoot":{"sounds":[{"name":"entity\/shulker\/shoot1","volume":0.05},{"name":"entity\/shulker\/shoot2","volume":0.05},{"name":"entity\/shulker\/shoot3","volume":0.05},{"name":"entity\/shulker\/shoot4","volume":0.05}],"replace":true,"subtitle":"subtitles.entity.shulker.shoot"},"entity.shulker.teleport":{"sounds":[{"name":"mob\/endermen\/portal","volume":0.05},{"name":"mob\/endermen\/portal2","volume":0.05}],"replace":true,"subtitle":"subtitles.entity.shulker.teleport"},"entity.shulker_bullet.hit":{"sounds":[{"name":"entity\/shulker_bullet\/hit1","volume":0.05},{"name":"entity\/shulker_bullet\/hit2","volume":0.05},{"name":"entity\/shulker_bullet\/hit3","volume":0.05},{"name":"entity\/shulker_bullet\/hit4","volume":0.05}],"replace":true,"subtitle":"subtitles.entity.shulker_bullet.hit"},"entity.shulker_bullet.hurt":{"sounds":[{"name":"entity\/shulker_bullet\/hit1","volume":0.05},{"name":"entity\/shulker_bullet\/hit2","volume":0.05},{"name":"entity\/shulker_bullet\/hit3","volume":0.05},{"name":"entity\/shulker_bullet\/hit4","volume":0.05}],"replace":true,"subtitle":"subtitles.entity.shulker_bullet.hurt"},"entity.sheep.ambient":{"sounds":[{"name":"mob\/sheep\/say1","volume":0.05},{"name":"mob\/sheep\/say2","volume":0.05},{"name":"mob\/sheep\/say3","volume":0.05}],"replace":true,"subtitle":"subtitles.entity.sheep.ambient"},"entity.sheep.death":{"sounds":["mob\/sheep\/say1","mob\/sheep\/say2","mob\/sheep\/say3"],"subtitle":"subtitles.entity.sheep.death"},"entity.sheep.hurt":{"sounds":[{"name":"mob\/sheep\/say1","volume":0.05},{"name":"mob\/sheep\/say2","volume":0.05},{"name":"mob\/sheep\/say3","volume":0.05}],"replace":true,"subtitle":"subtitles.entity.sheep.hurt"},"entity.sheep.shear":{"sounds":[{"name":"mob\/sheep\/shear","volume":0.05}],"replace":true,"subtitle":"subtitles.item.shears.shear"},"entity.sheep.step":{"sounds":[{"name":"mob\/sheep\/step1","volume":0.05},{"name":"mob\/sheep\/step2","volume":0.05},{"name":"mob\/sheep\/step3","volume":0.05},{"name":"mob\/sheep\/step4","volume":0.05},{"name":"mob\/sheep\/step5","volume":0.05}],"replace":true,"subtitle":"subtitles.block.generic.footsteps"},"entity.pig.ambient":{"sounds":[{"name":"mob\/pig\/say1","volume":0.05},{"name":"mob\/pig\/say2","volume":0.05},{"name":"mob\/pig\/say3","volume":0.05}],"replace":true,"subtitle":"subtitles.entity.pig.ambient"},"entity.pig.death":{"sounds":[{"name":"mob\/pig\/death","volume":0.05}],"replace":true,"subtitle":"subtitles.entity.pig.death"},"entity.pig.hurt":{"sounds":[{"name":"mob\/pig\/say1","volume":0.05},{"name":"mob\/pig\/say2","volume":0.05},{"name":"mob\/pig\/say3","volume":0.05}],"replace":true,"subtitle":"subtitles.entity.pig.hurt"},"entity.pig.saddle":{"sounds":[{"name":"mob\/horse\/leather","volume":0.05}],"replace":true,"subtitle":"subtitles.entity.pig.saddle"},"entity.pig.step":{"sounds":[{"name":"mob\/pig\/step1","volume":0.05},{"name":"mob\/pig\/step2","volume":0.05},{"name":"mob\/pig\/step3","volume":0.05},{"name":"mob\/pig\/step4","volume":0.05},{"name":"mob\/pig\/step5","volume":0.05}],"replace":true,"subtitle":"subtitles.block.generic.footsteps"},"entity.iron_golem.attack":{"sounds":[{"name":"mob\/irongolem\/throw","volume":0.04}],"replace":true,"subtitle":"subtitles.entity.iron_golem.attack"},"entity.iron_golem.damage":{"sounds":[{"name":"mob\/irongolem\/damage1","volume":0.04},{"name":"mob\/irongolem\/damage1","pitch":0.8,"volume":0.04},{"name":"mob\/irongolem\/damage2","volume":0.04},{"name":"mob\/irongolem\/damage2","pitch":0.8,"volume":0.04}],"replace":true,"subtitle":"subtitles.entity.iron_golem.damage"},"entity.iron_golem.death":{"sounds":[{"name":"mob\/irongolem\/death","volume":0.05}],"replace":true,"subtitle":"subtitles.entity.iron_golem.death"},"entity.iron_golem.hurt":{"sounds":[{"name":"mob\/irongolem\/hit1","volume":0.05},{"name":"mob\/irongolem\/hit2","volume":0.05},{"name":"mob\/irongolem\/hit3","volume":0.05},{"name":"mob\/irongolem\/hit4","volume":0.05}],"replace":true,"subtitle":"subtitles.entity.iron_golem.hurt"},"entity.iron_golem.repair":{"sounds":[{"name":"mob\/irongolem\/repair","volume":0.05}],"replace":true,"subtitle":"subtitles.entity.iron_golem.repair"},"entity.iron_golem.step":{"sounds":[{"name":"mob\/irongolem\/walk1","volume":0.05},{"name":"mob\/irongolem\/walk2","volume":0.05},{"name":"mob\/irongolem\/walk3","volume":0.05},{"name":"mob\/irongolem\/walk4","volume":0.05}],"replace":true,"subtitle":"subtitles.block.generic.footsteps"},"entity.phantom.ambient":{"sounds":[{"name":"mob\/phantom\/idle1","volume":0.04},{"name":"mob\/phantom\/idle2","volume":0.04},{"name":"mob\/phantom\/idle3","volume":0.04},{"name":"mob\/phantom\/idle4","volume":0.04},{"name":"mob\/phantom\/idle5","volume":0.04}],"replace":true,"subtitle":"subtitles.entity.phantom.ambient"},"entity.phantom.bite":{"sounds":[{"name":"mob\/phantom\/bite1","volume":0.05},{"name":"mob\/phantom\/bite2","volume":0.05}],"replace":true,"subtitle":"subtitles.entity.phantom.bite"},"entity.phantom.death":{"sounds":[{"name":"mob\/phantom\/death1","volume":0.05},{"name":"mob\/phantom\/death2","volume":0.05},{"name":"mob\/phantom\/death3","volume":0.05}],"replace":true,"subtitle":"subtitles.entity.phantom.death"},"entity.phantom.flap":{"sounds":[{"name":"mob\/phantom\/flap1","volume":0.045},{"name":"mob\/phantom\/flap2","volume":0.045},{"name":"mob\/phantom\/flap3","volume":0.045},{"name":"mob\/phantom\/flap4","volume":0.045},{"name":"mob\/phantom\/flap5","volume":0.045},{"name":"mob\/phantom\/flap6","volume":0.045}],"replace":true,"subtitle":"subtitles.entity.phantom.flap"},"entity.phantom.hurt":{"sounds":[{"name":"mob\/phantom\/hurt1","volume":0.0375},{"name":"mob\/phantom\/hurt2","volume":0.0375},{"name":"mob\/phantom\/hurt3","volume":0.0375}],"replace":true,"subtitle":"subtitles.entity.phantom.hurt"},"entity.phantom.swoop":{"sounds":[{"name":"mob\/phantom\/swoop1","volume":0.035},{"name":"mob\/phantom\/swoop2","volume":0.035},{"name":"mob\/phantom\/swoop3","volume":0.035},{"name":"mob\/phantom\/swoop4","volume":0.035}],"replace":true,"subtitle":"subtitles.entity.phantom.swoop"},"entity.cow.ambient":{"sounds":[{"name":"mob\/cow\/say1","volume":0.05},{"name":"mob\/cow\/say2","volume":0.05},{"name":"mob\/cow\/say3","volume":0.05},{"name":"mob\/cow\/say4","volume":0.05}],"replace":true,"subtitle":"subtitles.entity.cow.ambient"},"entity.cow.death":{"sounds":[{"name":"mob\/cow\/hurt1","volume":0.05},{"name":"mob\/cow\/hurt2","volume":0.05},{"name":"mob\/cow\/hurt3","volume":0.05}],"replace":true,"subtitle":"subtitles.entity.cow.death"},"entity.cow.hurt":{"sounds":[{"name":"mob\/cow\/hurt1","volume":0.05},{"name":"mob\/cow\/hurt2","volume":0.05},{"name":"mob\/cow\/hurt3","volume":0.05}],"replace":true,"subtitle":"subtitles.entity.cow.hurt"},"entity.cow.milk":{"sounds":[{"name":"mob\/cow\/milk1","volume":0.05},{"name":"mob\/cow\/milk2","volume":0.05},{"name":"mob\/cow\/milk3","volume":0.05}],"replace":true,"subtitle":"subtitles.entity.cow.milk"},"entity.cow.step":{"sounds":[{"name":"mob\/cow\/step1","volume":0.05},{"name":"mob\/cow\/step2","volume":0.05},{"name":"mob\/cow\/step3","volume":0.05},{"name":"mob\/cow\/step4","volume":0.05}],"replace":true,"subtitle":"subtitles.block.generic.footsteps"},"entity.chicken.ambient":{"sounds":[{"name":"mob\/chicken\/say1","volume":0.05},{"name":"mob\/chicken\/say2","volume":0.05},{"name":"mob\/chicken\/say3","volume":0.05}],"replace":true,"subtitle":"subtitles.entity.chicken.ambient"},"entity.chicken.death":{"sounds":[{"name":"mob\/chicken\/hurt1","volume":0.05},{"name":"mob\/chicken\/hurt2","volume":0.05}],"replace":true,"subtitle":"subtitles.entity.chicken.death"},"entity.chicken.egg":{"sounds":[{"name":"mob\/chicken\/plop","volume":0.05}],"replace":true,"subtitle":"subtitles.entity.chicken.egg"},"entity.chicken.hurt":{"sounds":[{"name":"mob\/chicken\/hurt1","volume":0.05},{"name":"mob\/chicken\/hurt2","volume":0.05}],"replace":true,"subtitle":"subtitles.entity.chicken.hurt"},"entity.chicken.step":{"sounds":[{"name":"mob\/chicken\/step1","volume":0.05},{"name":"mob\/chicken\/step2","volume":0.05}],"replace":true,"subtitle":"subtitles.block.generic.footsteps"},"entity.armadillo.ambient":{"sounds":[{"name":"mob\/armadillo\/ambient1","volume":0.05},{"name":"mob\/armadillo\/ambient2","volume":0.05},{"name":"mob\/armadillo\/ambient3","volume":0.05},{"name":"mob\/armadillo\/ambient4","volume":0.05},{"name":"mob\/armadillo\/ambient5","volume":0.05},{"name":"mob\/armadillo\/ambient6","volume":0.05},{"name":"mob\/armadillo\/ambient7","volume":0.05},{"name":"mob\/armadillo\/ambient8","volume":0.05}],"replace":true,"subtitle":"subtitles.entity.armadillo.ambient"},"entity.armadillo.brush":{"sounds":[{"name":"mob\/armadillo\/brush_armadillo1","volume":0.045},{"name":"mob\/armadillo\/brush_armadillo1","pitch":0.8,"volume":0.045},{"name":"mob\/armadillo\/brush_armadillo1","pitch":0.9,"volume":0.045},{"name":"mob\/armadillo\/brush_armadillo2","volume":0.045},{"name":"mob\/armadillo\/brush_armadillo2","pitch":0.8,"volume":0.045},{"name":"mob\/armadillo\/brush_armadillo2","pitch":0.9,"volume":0.045}],"replace":true,"subtitle":"subtitles.entity.armadillo.brush"},"entity.armadillo.death":{"sounds":[{"name":"mob\/armadillo\/death1","volume":0.05},{"name":"mob\/armadillo\/death2","volume":0.05},{"name":"mob\/armadillo\/death3","volume":0.05},{"name":"mob\/armadillo\/death4","volume":0.05}],"replace":true,"subtitle":"subtitles.entity.armadillo.death"},"entity.armadillo.eat":{"sounds":[{"name":"mob\/armadillo\/eat1","volume":0.05},{"name":"mob\/armadillo\/eat2","volume":0.05},{"name":"mob\/armadillo\/eat3","volume":0.05}],"replace":true,"subtitle":"subtitles.entity.armadillo.eat"},"entity.armadillo.hurt":{"sounds":[{"name":"mob\/armadillo\/hurt1","volume":0.05},{"name":"mob\/armadillo\/hurt2","volume":0.05},{"name":"mob\/armadillo\/hurt3","volume":0.05},{"name":"mob\/armadillo\/hurt4","volume":0.05},{"name":"mob\/armadillo\/hurt5","volume":0.05}],"replace":true,"subtitle":"subtitles.entity.armadillo.hurt"},"entity.armadillo.hurt_reduced":{"sounds":[{"name":"mob\/armadillo\/hurt_reduced1","volume":0.05},{"name":"mob\/armadillo\/hurt_reduced2","volume":0.05},{"name":"mob\/armadillo\/hurt_reduced3","volume":0.05},{"name":"mob\/armadillo\/hurt_reduced4","volume":0.05}],"replace":true,"subtitle":"subtitles.entity.armadillo.hurt_reduced"},"entity.armadillo.land":{"sounds":[{"name":"mob\/armadillo\/land1","volume":0.05},{"name":"mob\/armadillo\/land2","volume":0.05},{"name":"mob\/armadillo\/land3","volume":0.05},{"name":"mob\/armadillo\/land4","volume":0.05}],"replace":true,"subtitle":"subtitles.entity.armadillo.land"},"entity.armadillo.peek":{"sounds":[{"name":"mob\/armadillo\/peek","volume":0.05}],"replace":true,"subtitle":"subtitles.entity.armadillo.peek"},"entity.armadillo.roll":{"sounds":[{"name":"mob\/armadillo\/roll1","volume":0.05},{"name":"mob\/armadillo\/roll2","volume":0.05},{"name":"mob\/armadillo\/roll3","volume":0.05},{"name":"mob\/armadillo\/roll4","volume":0.05}],"replace":true,"subtitle":"subtitles.entity.armadillo.roll"},"entity.armadillo.scute_drop":{"sounds":[{"name":"mob\/armadillo\/scute_drop1","volume":0.05},{"name":"mob\/armadillo\/scute_drop1","pitch":0.9,"volume":0.05},{"name":"mob\/armadillo\/scute_drop2","volume":0.05},{"name":"mob\/armadillo\/scute_drop2","pitch":0.9,"volume":0.05}],"replace":true,"subtitle":"subtitles.entity.armadillo.scute_drop"},"entity.armadillo.step":{"sounds":[{"name":"mob\/armadillo\/step1","volume":0.05},{"name":"mob\/armadillo\/step2","volume":0.05},{"name":"mob\/armadillo\/step3","volume":0.05},{"name":"mob\/armadillo\/step4","volume":0.05},{"name":"mob\/armadillo\/step5","volume":0.05}],"replace":true,"subtitle":"subtitles.block.generic.footsteps"},"entity.armadillo.unroll_finish":{"sounds":[{"name":"mob\/armadillo\/unroll_finish1","volume":0.05},{"name":"mob\/armadillo\/unroll_finish2","volume":0.05}],"replace":true,"subtitle":"subtitles.entity.armadillo.unroll_finish"},"entity.armadillo.unroll_start":{"sounds":[{"name":"mob\/armadillo\/unroll_start","volume":0.05}],"replace":true,"subtitle":"subtitles.entity.armadillo.unroll_start"},"entity.allay.ambient_with_item":{"sounds":[{"name":"mob\/allay\/idle_with_item1","pitch":1.25,"volume":0.015},{"name":"mob\/allay\/idle_with_item2","pitch":1.25,"volume":0.015},{"name":"mob\/allay\/idle_with_item3","pitch":1.25,"volume":0.015},{"name":"mob\/allay\/idle_with_item4","pitch":1.25,"volume":0.015}],"replace":true,"subtitle":"subtitles.entity.allay.ambient_with_item"},"entity.allay.ambient_without_item":{"sounds":[{"name":"mob\/allay\/idle_without_item1","volume":0.0125},{"name":"mob\/allay\/idle_without_item2","volume":0.0125},{"name":"mob\/allay\/idle_without_item3","volume":0.0125},{"name":"mob\/allay\/idle_without_item4","volume":0.0125}],"replace":true,"subtitle":"subtitles.entity.allay.ambient_without_item"},"entity.allay.death":{"sounds":[{"name":"mob\/allay\/death1","volume":0.03},{"name":"mob\/allay\/death2","volume":0.03}],"replace":true,"subtitle":"subtitles.entity.allay.death"},"entity.allay.hurt":{"sounds":[{"name":"mob\/allay\/hurt1","pitch":1.5,"volume":0.04},{"name":"mob\/allay\/hurt2","pitch":1.5,"volume":0.04}],"replace":true,"subtitle":"subtitles.entity.allay.hurt"},"entity.allay.item_given":{"sounds":[{"name":"mob\/allay\/item_given1","volume":0.005},{"name":"mob\/allay\/item_given2","volume":0.005},{"name":"mob\/allay\/item_given3","volume":0.005},{"name":"mob\/allay\/item_given4","volume":0.005}],"replace":true,"subtitle":"subtitles.entity.allay.item_given"},"entity.allay.item_taken":{"sounds":[{"name":"mob\/allay\/item_taken1","pitch":1.25,"volume":0.005},{"name":"mob\/allay\/item_taken2","pitch":1.25,"volume":0.005},{"name":"mob\/allay\/item_taken3","pitch":1.25,"volume":0.005},{"name":"mob\/allay\/item_taken4","pitch":1.25,"volume":0.005}],"replace":true,"subtitle":"subtitles.entity.allay.item_taken"},"entity.allay.item_thrown":{"sounds":[{"name":"mob\/allay\/item_thrown1","volume":0.0125}],"replace":true,"subtitle":"subtitles.entity.allay.item_thrown"}}